exchange,stock_symbol,date,dividends
NYSE,KRH,2009-08-12,0.969
NYSE,KRH,2009-02-11,0.969
NYSE,KRH,2008-08-12,0.969
NYSE,KRH,2008-02-12,0.969
NYSE,KRH,2007-08-10,0.969
NYSE,KRH,2007-02-12,0.969
NYSE,KRH,2006-08-10,0.969
NYSE,KRH,2006-02-10,0.969
NYSE,KRH,2005-08-10,0.969
NYSE,KRH,2005-02-10,0.969
NYSE,KRH,2004-08-11,0.97
NYSE,KRH,2004-02-11,0.97
NYSE,KRH,2003-08-12,0.97
NYSE,KRH,2003-02-12,0.969
NYSE,KRH,2002-08-12,0.969
NYSE,KRH,2002-02-12,0.969
NYSE,KRH,2001-08-10,0.59
NYSE,KBR,2009-12-11,0.05
NYSE,KBR,2009-09-11,0.05
NYSE,KBR,2009-06-11,0.05
NYSE,KBR,2009-03-11,0.05
NYSE,KBR,2008-12-11,0.05
NYSE,KBR,2008-09-11,0.05
NYSE,KBR,2008-06-11,0.05
NYSE,KBR,2008-03-12,0.05
NYSE,KTX,2010-01-27,1.0
NYSE,KTX,2009-07-29,1.0
NYSE,KTX,2009-01-28,1.0
NYSE,KTX,2008-07-29,1.0
NYSE,KTX,2008-01-29,1.0
NYSE,KTX,2007-07-27,1.0
NYSE,KTX,2007-01-29,1.0
NYSE,KTX,2006-07-27,1.0
NYSE,KTX,2006-01-27,1.0
NYSE,KTX,2005-07-27,1.0
NYSE,KTX,2005-01-27,1.0
NYSE,KTX,2004-07-28,1.0
NYSE,KTX,2004-01-28,1.0
NYSE,KTX,2003-07-29,1.0
NYSE,KTX,2003-01-29,1.0
NYSE,KTX,2002-07-29,1.0
NYSE,KTX,2002-01-29,1.0
NYSE,KTX,2001-07-27,1.0
NYSE,KTX,2001-01-29,0.5
NYSE,KTX,2000-07-27,1.022
NYSE,KTX,2000-01-27,0.578
NYSE,KHI,2010-01-14,0.065
NYSE,KHI,2009-12-15,0.065
NYSE,KHI,2009-11-12,0.06
NYSE,KHI,2009-10-14,0.06
NYSE,KHI,2009-09-16,0.06
NYSE,KHI,2009-08-13,0.06
NYSE,KHI,2009-07-15,0.06
NYSE,KHI,2009-06-11,0.06
NYSE,KHI,2009-05-14,0.06
NYSE,KHI,2009-04-15,0.07
NYSE,KHI,2009-03-12,0.08
NYSE,KHI,2009-02-12,0.084
NYSE,KHI,2009-01-15,0.084
NYSE,KHI,2008-12-11,0.084
NYSE,KHI,2008-11-13,0.084
NYSE,KHI,2008-10-14,0.084
NYSE,KHI,2008-09-16,0.084
NYSE,KHI,2008-08-14,0.084
NYSE,KHI,2008-07-15,0.084
NYSE,KHI,2008-06-12,0.084
NYSE,KHI,2008-05-15,0.084
NYSE,KHI,2008-04-15,0.084
NYSE,KHI,2008-03-13,0.084
NYSE,KHI,2008-02-14,0.084
NYSE,KHI,2008-01-16,0.088
NYSE,KHI,2007-12-13,0.088
NYSE,KHI,2007-11-14,0.088
NYSE,KHI,2007-10-11,0.088
NYSE,KHI,2007-09-13,0.088
NYSE,KHI,2007-08-15,0.088
NYSE,KHI,2007-07-12,0.088
NYSE,KHI,2007-06-14,0.088
NYSE,KHI,2007-05-15,0.088
NYSE,KHI,2007-04-12,0.088
NYSE,KHI,2007-03-15,0.088
NYSE,KHI,2007-02-14,0.088
NYSE,KHI,2007-01-16,0.088
NYSE,KHI,2006-12-14,0.088
NYSE,KHI,2006-11-16,0.088
NYSE,KHI,2006-10-12,0.09
NYSE,KHI,2006-09-19,0.09
NYSE,KHI,2006-08-15,0.096
NYSE,KHI,2006-07-13,0.096
NYSE,KHI,2006-06-14,0.112
NYSE,KHI,2006-05-16,0.112
NYSE,KHI,2006-04-17,0.112
NYSE,KHI,2006-03-14,0.112
NYSE,KHI,2006-02-14,0.112
NYSE,KHI,2005-12-28,0.112
NYSE,KHI,2005-12-15,0.112
NYSE,KHI,2005-11-15,0.112
NYSE,KHI,2005-10-13,0.112
NYSE,KHI,2005-09-15,0.112
NYSE,KHI,2005-08-11,0.112
NYSE,KHI,2005-07-14,0.112
NYSE,KHI,2005-06-15,0.112
NYSE,KHI,2005-05-12,0.112
NYSE,KHI,2005-04-14,0.106
NYSE,KHI,2005-03-15,0.106
NYSE,KHI,2005-02-15,0.106
NYSE,KHI,2004-12-29,0.106
NYSE,KHI,2004-12-15,0.106
NYSE,KHI,2004-11-12,0.106
NYSE,KHI,2004-10-14,0.106
NYSE,KHI,2004-09-15,0.106
NYSE,KHI,2004-08-12,0.106
NYSE,KHI,2004-07-14,0.106
NYSE,KHI,2004-06-15,0.106
NYSE,KHI,2004-05-13,0.106
NYSE,KHI,2004-04-14,0.106
NYSE,KHI,2004-03-11,0.106
NYSE,KHI,2004-02-12,0.106
NYSE,KHI,2003-12-29,0.106
NYSE,KHI,2003-12-12,0.106
NYSE,KHI,2003-11-13,0.106
NYSE,KHI,2003-10-16,0.106
NYSE,KHI,2003-09-11,0.106
NYSE,KHI,2003-08-13,0.106
NYSE,KHI,2003-07-15,0.106
NYSE,KHI,2003-06-12,0.106
NYSE,KHI,2003-05-14,0.106
NYSE,KHI,2003-04-15,0.106
NYSE,KHI,2003-03-13,0.106
NYSE,KHI,2003-02-12,0.106
NYSE,KHI,2003-01-15,0.106
NYSE,KHI,2002-12-12,0.106
NYSE,KHI,2002-11-13,0.106
NYSE,KHI,2002-10-15,0.106
NYSE,KHI,2002-09-12,0.106
NYSE,KHI,2002-08-14,0.106
NYSE,KHI,2002-07-11,0.122
NYSE,KHI,2002-06-13,0.124
NYSE,KHI,2002-05-14,0.124
NYSE,KHI,2002-04-11,0.124
NYSE,KHI,2002-03-13,0.122
NYSE,KHI,2002-02-13,0.122
NYSE,KHI,2002-01-15,0.124
NYSE,KHI,2001-12-13,0.136
NYSE,KHI,2001-11-13,0.136
NYSE,KHI,2001-10-11,0.136
NYSE,KHI,2001-08-13,0.136
NYSE,KHI,2001-07-12,0.15
NYSE,KHI,2001-06-13,0.15
NYSE,KHI,2001-05-11,0.15
NYSE,KHI,2001-04-11,0.15
NYSE,KHI,2001-03-13,0.15
NYSE,KHI,2001-02-13,0.15
NYSE,KHI,2001-01-11,0.15
NYSE,KHI,2000-12-13,0.162
NYSE,KHI,2000-11-13,0.162
NYSE,KHI,2000-10-12,0.162
NYSE,KHI,2000-09-13,0.162
NYSE,KHI,2000-08-11,0.162
NYSE,KHI,2000-07-13,0.162
NYSE,KHI,2000-06-13,0.162
NYSE,KHI,2000-05-11,0.162
NYSE,KHI,2000-04-13,0.162
NYSE,KHI,2000-03-13,0.162
NYSE,KHI,2000-02-11,0.162
NYSE,KHI,1999-12-31,0.162
NYSE,KHI,1999-12-13,0.162
NYSE,KHI,1999-11-10,0.162
NYSE,KHI,1999-10-13,0.162
NYSE,KHI,1999-09-13,0.156
NYSE,KHI,1999-08-11,0.156
NYSE,KHI,1999-07-13,0.156
NYSE,KHI,1999-06-11,0.156
NYSE,KHI,1999-05-12,0.156
NYSE,KHI,1999-04-13,0.15
NYSE,KHI,1999-03-25,0.466
NYSE,KHI,1999-03-11,0.15
NYSE,KHI,1999-02-10,0.15
NYSE,KHI,1998-12-21,0.15
NYSE,KHI,1998-12-11,0.15
NYSE,KHI,1998-11-10,0.15
NYSE,KHI,1998-10-13,0.15
NYSE,KHI,1998-09-11,0.15
NYSE,KHI,1998-08-12,0.15
NYSE,KHI,1998-07-13,0.15
NYSE,KHI,1998-06-11,0.15
NYSE,KHI,1998-05-13,0.15
NYSE,KHI,1998-04-13,0.15
NYSE,KHI,1998-03-11,0.15
NYSE,KHI,1998-02-11,0.15
NYSE,KHI,1997-12-22,0.15
NYSE,KHI,1997-12-11,0.15
NYSE,KHI,1997-11-12,0.15
NYSE,KHI,1997-10-10,0.15
NYSE,KHI,1997-09-11,0.15
NYSE,KHI,1997-08-13,0.15
NYSE,KHI,1997-07-11,0.15
NYSE,KHI,1997-06-11,0.15
NYSE,KHI,1997-05-13,0.15
NYSE,KHI,1997-04-11,0.15
NYSE,KHI,1997-03-12,0.15
NYSE,KHI,1997-02-12,0.15
NYSE,KHI,1996-12-20,0.15
NYSE,KHI,1996-12-11,0.15
NYSE,KHI,1996-11-13,0.15
NYSE,KHI,1996-10-10,0.15
NYSE,KHI,1996-09-11,0.15
NYSE,KHI,1996-08-13,0.15
NYSE,KHI,1996-07-11,0.15
NYSE,KHI,1996-06-12,0.15
NYSE,KHI,1996-05-13,0.15
NYSE,KHI,1996-04-11,0.15
NYSE,KHI,1996-03-13,0.15
NYSE,KHI,1996-02-13,0.15
NYSE,KHI,1996-01-11,0.15
NYSE,KHI,1995-12-11,0.15
NYSE,KHI,1995-11-09,0.15
NYSE,KHI,1995-10-06,0.15
NYSE,KHI,1995-09-11,0.15
NYSE,KHI,1995-08-09,0.15
NYSE,KHI,1995-07-10,0.15
NYSE,KHI,1995-06-13,0.15
NYSE,KHI,1995-05-09,0.15
NYSE,KHI,1995-04-07,0.15
NYSE,KHI,1995-03-09,0.15
NYSE,KHI,1995-02-09,0.15
NYSE,KHI,1995-01-09,0.15
NYSE,KHI,1994-12-09,0.15
NYSE,KHI,1994-11-08,0.15
NYSE,KHI,1994-10-07,0.15
NYSE,KHI,1994-09-09,0.15
NYSE,KHI,1994-08-09,0.15
NYSE,KHI,1994-07-11,0.15
NYSE,KHI,1994-06-09,0.15
NYSE,KHI,1994-05-09,0.15
NYSE,KHI,1994-04-11,0.15
NYSE,KHI,1994-03-09,0.15
NYSE,KHI,1994-02-09,0.15
NYSE,KHI,1993-12-27,0.15
NYSE,KHI,1993-12-09,0.15
NYSE,KHI,1993-11-08,0.15
NYSE,KHI,1993-10-08,0.15
NYSE,KHI,1993-09-09,0.16
NYSE,KHI,1993-08-09,0.16
NYSE,KHI,1993-07-09,0.16
NYSE,KHI,1993-06-09,0.16
NYSE,KHI,1993-05-10,0.16
NYSE,KHI,1993-04-08,0.16
NYSE,KHI,1993-03-09,0.16
NYSE,KHI,1993-02-05,0.16
NYSE,KHI,1993-01-11,0.16
NYSE,KHI,1992-12-09,0.16
NYSE,KHI,1992-11-06,0.16
NYSE,KHI,1992-10-08,0.16
NYSE,KHI,1992-09-09,0.16
NYSE,KHI,1992-08-10,0.16
NYSE,KHI,1992-07-09,0.16
NYSE,KHI,1992-06-09,0.16
NYSE,KHI,1992-05-11,0.16
NYSE,KHI,1992-04-09,0.16
NYSE,KHI,1992-03-09,0.16
NYSE,KHI,1992-02-10,0.16
NYSE,KHI,1992-01-09,0.16
NYSE,KHI,1991-12-09,0.174
NYSE,KHI,1991-11-08,0.174
NYSE,KHI,1991-10-08,0.174
NYSE,KHI,1991-09-09,0.174
NYSE,KHI,1991-08-09,0.174
NYSE,KHI,1991-07-09,0.174
NYSE,KHI,1991-06-10,0.174
NYSE,KHI,1991-05-09,0.174
NYSE,KHI,1991-04-09,0.174
NYSE,KHI,1991-03-11,0.174
NYSE,KHI,1991-02-11,0.174
NYSE,KHI,1991-01-09,0.174
NYSE,KHI,1990-12-10,0.174
NYSE,KHI,1990-11-08,0.2
NYSE,KHI,1990-10-09,0.2
NYSE,KHI,1990-09-10,0.2
NYSE,KHI,1990-08-09,0.2
NYSE,KHI,1990-07-09,0.2
NYSE,KHI,1990-06-11,0.2
NYSE,KHI,1990-05-09,0.2
NYSE,KHI,1990-04-06,0.2
NYSE,KHI,1990-03-09,0.2
NYSE,KHI,1990-02-09,0.23
NYSE,KHI,1990-01-08,0.2
NYSE,KHI,1989-12-11,0.2
NYSE,KHI,1989-11-09,0.2
NYSE,KHI,1989-10-06,0.23
NYSE,KHI,1989-09-11,0.23
NYSE,KHI,1989-08-09,0.23
NYSE,KHI,1989-07-10,0.23
NYSE,KHI,1989-06-09,0.23
NYSE,KHI,1989-05-09,0.23
NYSE,KHI,1989-04-10,0.23
NYSE,KHI,1989-03-09,0.23
NYSE,KHI,1989-02-09,0.23
NYSE,KHI,1988-12-23,0.23
NYSE,KHI,1988-12-09,0.23
NYSE,KHI,1988-11-08,0.23
NYSE,KHI,1988-10-07,0.23
NYSE,KRJ,2009-09-10,1.013
NYSE,KRJ,2009-03-11,1.013
NYSE,KRJ,2008-09-10,1.013
NYSE,KRJ,2008-03-12,1.013
NYSE,KRJ,2007-09-12,1.013
NYSE,KRJ,2007-03-12,1.013
NYSE,KRJ,2006-09-12,1.013
NYSE,KRJ,2006-03-10,1.013
NYSE,KRJ,2005-09-12,1.013
NYSE,KRJ,2005-03-10,1.013
NYSE,KRJ,2004-09-10,1.013
NYSE,KRJ,2004-03-10,1.013
NYSE,KRJ,2003-09-10,1.013
NYSE,KRJ,2003-03-12,1.013
NYSE,KRJ,2002-09-11,1.013
NYSE,KRJ,2002-03-12,1.013
NYSE,KMP,2010-01-27,1.05
NYSE,KMP,2009-10-28,1.05
NYSE,KMP,2009-07-29,1.05
NYSE,KMP,2009-04-28,1.05
NYSE,KMP,2009-01-28,1.05
NYSE,KMP,2008-10-29,1.02
NYSE,KMP,2008-07-29,0.99
NYSE,KMP,2008-04-28,0.96
NYSE,KMP,2008-01-29,0.92
NYSE,KMP,2007-10-29,0.88
NYSE,KMP,2007-07-27,0.85
NYSE,KMP,2007-04-26,0.83
NYSE,KMP,2007-01-29,0.83
NYSE,KMP,2006-10-27,0.81
NYSE,KMP,2006-07-27,0.81
NYSE,KMP,2006-04-26,0.81
NYSE,KMP,2006-01-27,0.8
NYSE,KMP,2005-10-27,0.79
NYSE,KMP,2005-07-27,0.78
NYSE,KMP,2005-04-27,0.76
NYSE,KMP,2005-01-27,0.74
NYSE,KMP,2004-10-27,0.73
NYSE,KMP,2004-07-28,0.71
NYSE,KMP,2004-04-28,0.69
NYSE,KMP,2004-01-28,0.68
NYSE,KMP,2003-10-29,0.66
NYSE,KMP,2003-07-29,0.65
NYSE,KMP,2003-04-28,0.64
NYSE,KMP,2003-01-29,0.625
NYSE,KMP,2002-10-29,0.61
NYSE,KMP,2002-07-29,0.61
NYSE,KMP,2002-04-26,0.59
NYSE,KMP,2002-01-29,0.55
NYSE,KMP,2001-10-29,0.55
NYSE,KMP,2001-07-27,0.525
NYSE,KMP,2001-04-26,0.525
NYSE,KMP,2001-01-29,0.475
NYSE,KMP,2000-10-27,0.425
NYSE,KMP,2000-07-27,0.425
NYSE,KMP,2000-04-27,0.3875
NYSE,KMP,2000-01-27,0.3625
NYSE,KMP,1999-10-27,0.3625
NYSE,KMP,1999-07-28,0.35
NYSE,KMP,1999-04-28,0.35
NYSE,KMP,1999-01-27,0.325
NYSE,KMP,1998-10-28,0.315
NYSE,KMP,1998-07-29,0.315
NYSE,KMP,1998-04-28,0.281
NYSE,KMP,1998-01-28,0.281
NYSE,KMP,1997-10-29,0.25
NYSE,KMP,1997-07-29,0.25
NYSE,KMP,1997-04-28,0.1575
NYSE,KMP,1997-01-29,0.1575
NYSE,KMP,1996-10-29,0.1575
NYSE,KMP,1996-07-29,0.1575
NYSE,KMP,1996-04-26,0.1575
NYSE,KMP,1996-01-29,0.1575
NYSE,KMP,1995-10-27,0.1575
NYSE,KMP,1995-07-27,0.1575
NYSE,KMP,1995-04-24,0.1575
NYSE,KMP,1995-01-25,0.1575
NYSE,KMP,1994-09-26,0.1575
NYSE,KMP,1994-07-25,0.1575
NYSE,KMP,1994-04-25,0.1575
NYSE,KMP,1994-01-25,0.1575
NYSE,KMP,1993-10-25,0.1375
NYSE,KMP,1993-07-26,0.1375
NYSE,KMP,1993-04-26,0.1375
NYSE,KMP,1993-01-25,0.1375
NYSE,KMP,1992-10-27,0.0835
NYSE,KCW,2009-11-10,0.938
NYSE,KCW,2009-05-12,0.938
NYSE,KCW,2008-11-12,0.938
NYSE,KCW,2008-05-12,0.938
NYSE,KCW,2007-11-09,0.938
NYSE,KCW,2007-05-10,0.938
NYSE,KCW,2006-11-10,0.938
NYSE,KCW,2006-05-10,0.938
NYSE,KCW,2005-11-09,0.938
NYSE,KCW,2005-05-11,0.938
NYSE,KCW,2004-11-09,0.468
NYSE,KCW,2004-05-12,0.938
NYSE,KCW,2003-11-12,0.468
NYSE,KCW,2003-05-12,0.938
NYSE,KCW,2002-11-12,0.938
NYSE,KCW,2002-05-10,0.938
NYSE,KCW,2001-11-09,0.938
NYSE,KCW,2001-05-10,0.468
NYSE,KB,2005-12-28,0.542
NYSE,KB,2003-12-26,0.841
NYSE,KB,2001-12-26,0.077
NYSE,KSU,2000-07-13,90.803001
NYSE,KSU,1999-12-13,0.08
NYSE,KSU,1999-08-26,0.08
NYSE,KSU,1999-05-19,0.08
NYSE,KSU,1999-02-25,0.08
NYSE,KSU,1998-11-27,0.08
NYSE,KSU,1998-08-27,0.08
NYSE,KSU,1998-05-20,0.08
NYSE,KSU,1998-02-18,0.08
NYSE,KSU,1997-11-26,0.08
NYSE,KSU,1997-09-17,0.5
NYSE,KSU,1997-08-21,0.08
NYSE,KSU,1997-05-21,0.06666
NYSE,KSU,1997-02-19,0.06666
NYSE,KSU,1996-11-27,0.06666
NYSE,KSU,1996-08-22,0.06666
NYSE,KSU,1996-05-22,0.06666
NYSE,KSU,1996-02-21,0.06666
NYSE,KSU,1995-11-29,0.05
NYSE,KSU,1995-08-23,0.05
NYSE,KSU,1995-05-22,0.05
NYSE,KSU,1995-02-17,0.05
NYSE,KSU,1994-11-28,0.05
NYSE,KSU,1994-08-22,0.05
NYSE,KSU,1994-05-23,0.05
NYSE,KSU,1994-02-18,0.05
NYSE,KSU,1993-11-24,0.05
NYSE,KSU,1993-08-23,0.05
NYSE,KSU,1993-05-10,0.05
NYSE,KSU,1993-02-12,0.05
NYSE,KSU,1992-11-25,0.05
NYSE,KSU,1992-08-24,0.05
NYSE,KSU,1992-05-11,0.05
NYSE,KSU,1992-02-10,0.05
NYSE,KSU,1991-11-27,0.045
NYSE,KSU,1991-08-27,0.045
NYSE,KSU,1991-05-24,0.045
NYSE,KSU,1991-02-27,0.045
NYSE,KSU,1990-12-05,0.045
NYSE,KSU,1990-08-22,0.045
NYSE,KSU,1990-05-23,0.045
NYSE,KSU,1990-02-22,0.045
NYSE,KSU,1989-11-27,0.045
NYSE,KSU,1989-08-23,0.045
NYSE,KSU,1989-05-24,0.045
NYSE,KSU,1989-02-23,0.045
NYSE,KSU,1988-11-23,0.045
NYSE,KSU,1988-08-24,0.045
NYSE,KSU,1988-02-24,0.045
NYSE,KSU,1987-11-25,0.045
NYSE,KVJ,2009-08-27,0.859
NYSE,KVJ,2009-02-25,0.859
NYSE,KVJ,2008-08-27,0.859
NYSE,KVJ,2008-02-27,0.859
NYSE,KVJ,2007-08-29,0.859
NYSE,KVJ,2007-02-26,0.859
NYSE,KVJ,2006-08-29,0.859
NYSE,KVJ,2006-02-24,0.859
NYSE,KVJ,2005-02-24,0.859
NYSE,KVJ,2004-08-27,0.859
NYSE,KVJ,2004-02-25,0.859
NYSE,KVJ,2003-08-27,0.859
NYSE,KVJ,2003-02-26,0.859
NYSE,KVJ,2002-08-28,0.368
NYSE,KNX,2009-12-02,0.05
NYSE,KNX,2009-09-02,0.05
NYSE,KNX,2009-06-03,0.05
NYSE,KNX,2009-03-04,0.04
NYSE,KNX,2008-12-03,0.04
NYSE,KNX,2008-09-03,0.04
NYSE,KNX,2008-06-04,0.04
NYSE,KNX,2008-03-05,0.03
NYSE,KNX,2007-12-05,0.03
NYSE,KNX,2007-09-05,0.03
NYSE,KNX,2007-06-06,0.03
NYSE,KNX,2007-03-07,0.02
NYSE,KNX,2006-12-06,0.02
NYSE,KNX,2006-09-06,0.02
NYSE,KNX,2006-06-08,0.02
NYSE,KNX,2006-03-21,0.02
NYSE,KNX,2006-01-27,0.02
NYSE,KNX,2005-09-28,0.01333
NYSE,KNX,2005-06-28,0.01333
NYSE,KNX,2005-03-29,0.01333
NYSE,KNX,2004-12-13,0.01333
NYSE,KFS,2009-06-11,0.018
NYSE,KFS,2009-03-12,0.016
NYSE,KFS,2008-12-11,0.06
NYSE,KFS,2008-09-11,0.07
NYSE,KFS,2008-06-12,0.074
NYSE,KFS,2008-03-13,0.076
NYSE,KFS,2007-12-12,0.067
NYSE,KFS,2007-09-12,0.071
NYSE,KFS,2007-06-13,0.071
NYSE,KFS,2007-03-13,0.064
NYSE,KFS,2006-12-13,0.065
NYSE,KFS,2006-09-13,0.056
NYSE,KFS,2006-06-13,0.057
NYSE,KFS,2006-03-13,0.055
NYSE,KFS,2005-12-13,0.043
NYSE,KFS,2005-09-13,0.05
NYSE,KFS,2005-06-13,0.04
NYSE,KFS,2005-03-11,0.05
NYSE,KID,2005-04-07,0.1
NYSE,KID,2004-11-17,0.3
NYSE,KID,2004-08-18,0.3
NYSE,KID,2004-06-01,7.0
NYSE,KID,2004-05-28,0.3
NYSE,KID,2004-05-19,0.3
NYSE,KID,2004-03-10,0.3
NYSE,KID,2003-11-19,0.28
NYSE,KID,2003-08-13,0.28
NYSE,KID,2003-05-21,0.28
NYSE,KID,2003-03-12,0.28
NYSE,KID,2002-11-20,0.26
NYSE,KID,2002-08-14,0.26
NYSE,KID,2002-05-22,0.26
NYSE,KID,2002-03-06,0.26
NYSE,KID,2001-11-14,0.24
NYSE,KID,2001-08-15,0.24
NYSE,KID,2001-05-23,0.24
NYSE,KID,2001-03-07,0.24
NYSE,KID,2000-11-15,0.22
NYSE,KID,2000-08-16,0.22
NYSE,KID,2000-05-22,0.22
NYSE,KID,2000-03-08,0.22
NYSE,KID,1999-11-17,0.2
NYSE,KID,1999-08-18,0.2
NYSE,KID,1999-05-19,0.2
NYSE,KID,1999-02-25,0.2
NYSE,KID,1998-11-18,0.19
NYSE,KID,1998-08-19,0.19
NYSE,KID,1998-05-20,0.19
NYSE,KID,1998-02-26,0.19
NYSE,KID,1997-11-19,0.17
NYSE,KID,1997-08-20,0.17
NYSE,KID,1997-05-21,0.17
NYSE,KID,1997-02-27,0.17
NYSE,KID,1996-11-25,0.15
NYSE,KID,1996-08-19,0.15
NYSE,KID,1996-05-16,0.15
NYSE,KID,1996-02-29,0.15
NYSE,KID,1995-11-20,0.15
NYSE,KID,1995-08-11,0.15
NYSE,KID,1995-05-16,0.15
NYSE,KID,1995-02-27,0.15
NYSE,KID,1994-11-16,0.15
NYSE,KID,1994-08-12,0.15
NYSE,KID,1994-05-16,0.15
NYSE,KID,1994-02-28,0.15
NYSE,KID,1993-11-17,0.15
NYSE,KID,1993-08-13,0.15
NYSE,KID,1993-05-17,0.15
NYSE,KID,1993-02-26,0.15
NYSE,KID,1992-11-18,0.11667
NYSE,KID,1992-08-13,0.11667
NYSE,KID,1992-05-18,0.11667
NYSE,KID,1992-02-28,0.11667
NYSE,KID,1991-11-19,0.1
NYSE,KID,1991-08-16,0.1
NYSE,KID,1991-05-17,0.1
NYSE,KID,1991-02-27,0.1
NYSE,KID,1990-11-15,0.1
NYSE,KID,1990-08-20,0.06667
NYSE,KID,1990-05-17,0.06667
NYSE,KID,1990-02-27,0.06667
NYSE,KID,1989-11-16,0.06667
NYSE,KID,1989-08-18,0.06667
NYSE,KID,1989-05-17,0.06667
NYSE,KID,1989-02-28,0.06667
NYSE,KID,1988-11-17,0.06667
NYSE,KID,1988-08-18,0.06667
NYSE,KID,1988-05-17,0.06667
NYSE,KID,1988-02-23,0.06667
NYSE,KOP,2009-11-12,0.22
NYSE,KOP,2009-08-13,0.22
NYSE,KOP,2009-05-14,0.22
NYSE,KOP,2009-02-12,0.22
NYSE,KOP,2008-11-13,0.22
NYSE,KOP,2008-08-14,0.22
NYSE,KOP,2008-05-15,0.22
NYSE,KOP,2008-02-13,0.22
NYSE,KOP,2007-11-15,0.17
NYSE,KOP,2007-08-16,0.17
NYSE,KOP,2007-05-10,0.17
NYSE,KOP,2007-02-26,0.17
NYSE,KOP,2006-11-28,0.17
NYSE,KOP,2006-08-30,0.17
NYSE,KOP,2006-05-26,0.17
NYSE,KOP,2006-03-29,0.1
NYSE,KGS,2010-01-29,0.39
NYSE,KGS,2009-10-30,0.39
NYSE,KGS,2009-07-31,0.37
NYSE,KGS,2009-05-01,0.37
NYSE,KGS,2009-01-30,0.37
NYSE,KGS,2008-10-29,0.35
NYSE,KGS,2008-07-29,0.35
NYSE,KGS,2008-04-28,0.315
NYSE,KGS,2008-01-29,0.3
NYSE,KGS,2007-10-29,0.168
NYSE,KCP,2008-11-18,0.09
NYSE,KCP,2008-08-19,0.09
NYSE,KCP,2008-05-20,0.09
NYSE,KCP,2008-03-12,0.09
NYSE,KCP,2007-11-19,0.18
NYSE,KCP,2007-08-21,0.18
NYSE,KCP,2007-05-22,0.18
NYSE,KCP,2007-03-06,0.18
NYSE,KCP,2006-11-20,0.18
NYSE,KCP,2006-08-23,0.18
NYSE,KCP,2006-05-19,0.18
NYSE,KCP,2006-03-07,0.18
NYSE,KCP,2005-11-21,0.18
NYSE,KCP,2005-08-23,0.16
NYSE,KCP,2005-05-20,0.16
NYSE,KCP,2005-03-07,0.16
NYSE,KCP,2004-11-22,0.14
NYSE,KCP,2004-08-20,0.14
NYSE,KCP,2004-05-20,0.12
NYSE,KCP,2004-03-05,0.12
NYSE,KCP,2003-11-21,0.09
NYSE,KCP,2003-08-26,0.075
NYSE,KWR,2010-01-13,0.23
NYSE,KWR,2009-10-14,0.23
NYSE,KWR,2009-07-15,0.23
NYSE,KWR,2009-04-14,0.23
NYSE,KWR,2009-01-14,0.23
NYSE,KWR,2008-10-15,0.23
NYSE,KWR,2008-07-15,0.23
NYSE,KWR,2008-04-14,0.23
NYSE,KWR,2008-01-15,0.215
NYSE,KWR,2007-10-15,0.215
NYSE,KWR,2007-07-13,0.215
NYSE,KWR,2007-04-12,0.215
NYSE,KWR,2007-01-12,0.215
NYSE,KWR,2006-10-13,0.215
NYSE,KWR,2006-07-13,0.215
NYSE,KWR,2006-04-11,0.215
NYSE,KWR,2006-01-12,0.215
NYSE,KWR,2005-10-13,0.215
NYSE,KWR,2005-07-13,0.215
NYSE,KWR,2005-04-13,0.215
NYSE,KWR,2005-01-12,0.215
NYSE,KWR,2004-10-13,0.215
NYSE,KWR,2004-07-14,0.215
NYSE,KWR,2004-04-14,0.215
NYSE,KWR,2004-01-14,0.21
NYSE,KWR,2003-10-15,0.21
NYSE,KWR,2003-07-15,0.21
NYSE,KWR,2003-04-14,0.21
NYSE,KWR,2003-01-15,0.21
NYSE,KWR,2002-10-15,0.21
NYSE,KWR,2002-07-15,0.21
NYSE,KWR,2002-04-12,0.21
NYSE,KWR,2002-01-15,0.205
NYSE,KWR,2001-10-15,0.205
NYSE,KWR,2001-07-13,0.205
NYSE,KWR,2001-04-11,0.205
NYSE,KWR,2001-01-12,0.205
NYSE,KWR,2000-10-13,0.205
NYSE,KWR,2000-07-13,0.195
NYSE,KWR,2000-04-12,0.195
NYSE,KWR,2000-01-12,0.195
NYSE,KWR,1999-10-13,0.195
NYSE,KWR,1999-07-14,0.19
NYSE,KWR,1999-04-14,0.19
NYSE,KWR,1999-01-13,0.19
NYSE,KWR,1998-10-14,0.19
NYSE,KWR,1998-07-15,0.18
NYSE,KWR,1998-04-15,0.18
NYSE,KWR,1998-01-14,0.18
NYSE,KWR,1997-10-15,0.18
NYSE,KWR,1997-07-16,0.175
NYSE,KWR,1997-04-16,0.175
NYSE,KWR,1997-01-15,0.175
NYSE,KWR,1996-10-16,0.175
NYSE,KWR,1996-07-18,0.17
NYSE,KWR,1996-06-24,0.068
NYSE,KWR,1996-04-17,0.17
NYSE,KWR,1996-01-10,0.17
NYSE,KWR,1995-10-11,0.17
NYSE,KWR,1995-07-12,0.17
NYSE,KWR,1995-04-07,0.17
NYSE,KWR,1995-01-09,0.17
NYSE,KWR,1994-10-07,0.155
NYSE,KWR,1994-07-11,0.155
NYSE,KWR,1994-04-11,0.155
NYSE,KWR,1994-01-10,0.155
NYSE,KWR,1993-10-08,0.15
NYSE,KWR,1993-07-12,0.15
NYSE,KWR,1993-04-12,0.15
NYSE,KWR,1993-01-11,0.15
NYSE,KWR,1992-07-13,0.14
NYSE,KWR,1992-04-10,0.14
NYSE,KWR,1992-01-13,0.14
NYSE,KWR,1991-10-11,0.13
NYSE,KWR,1991-07-15,0.13
NYSE,KWR,1991-04-15,0.13
NYSE,KWR,1991-01-14,0.13
NYSE,KWR,1990-10-15,0.115
NYSE,KWR,1990-07-17,0.11467
NYSE,KWR,1990-04-16,0.11333
NYSE,KOB,2010-01-27,0.953
NYSE,KOB,2009-07-29,0.953
NYSE,KOB,2009-01-28,0.953
NYSE,KOB,2008-07-29,0.953
NYSE,KOB,2008-01-29,0.953
NYSE,KOB,2007-07-27,0.953
NYSE,KOB,2007-01-29,0.953
NYSE,KOB,2006-07-27,0.953
NYSE,KOB,2006-01-27,0.953
NYSE,KOB,2005-07-27,0.953
NYSE,KOB,2005-01-27,0.953
NYSE,KOB,2004-07-28,0.953
NYSE,KOB,2004-01-28,0.953
NYSE,KOB,2003-07-29,0.953
NYSE,KOB,2003-01-29,0.953
NYSE,KOB,2002-07-29,0.953
NYSE,KOB,2002-01-29,0.953
NYSE,KOB,2001-07-27,0.265
NYSE,KVU,2010-01-13,1.0
NYSE,KVU,2009-07-13,1.0
NYSE,KVU,2009-01-13,1.0
NYSE,KVU,2008-07-11,1.0
NYSE,KVU,2008-01-11,1.0
NYSE,KVU,2007-07-11,1.0
NYSE,KVU,2007-01-10,1.0
NYSE,KVU,2006-07-12,1.0
NYSE,KVU,2006-01-11,1.0
NYSE,KVU,2005-07-13,1.0
NYSE,KVU,2005-01-12,1.0
NYSE,KVU,2004-07-13,1.0
NYSE,KVU,2004-01-13,1.0
NYSE,KEY,2009-11-27,0.01
NYSE,KEY,2009-08-28,0.01
NYSE,KEY,2009-05-29,0.01
NYSE,KEY,2009-02-27,0.063
NYSE,KEY,2008-11-28,0.063
NYSE,KEY,2008-08-28,0.188
NYSE,KEY,2008-05-22,0.375
NYSE,KEY,2008-02-29,0.375
NYSE,KEY,2007-11-23,0.365
NYSE,KEY,2007-08-24,0.365
NYSE,KEY,2007-05-24,0.365
NYSE,KEY,2007-02-23,0.365
NYSE,KEY,2006-11-24,0.345
NYSE,KEY,2006-08-25,0.345
NYSE,KEY,2006-05-25,0.345
NYSE,KEY,2006-02-24,0.345
NYSE,KEY,2005-11-25,0.325
NYSE,KEY,2005-08-26,0.325
NYSE,KEY,2005-05-26,0.325
NYSE,KEY,2005-02-25,0.325
NYSE,KEY,2004-11-26,0.31
NYSE,KEY,2004-08-27,0.31
NYSE,KEY,2004-05-27,0.31
NYSE,KEY,2004-02-27,0.31
NYSE,KEY,2003-11-28,0.305
NYSE,KEY,2003-08-28,0.305
NYSE,KEY,2003-06-02,0.305
NYSE,KEY,2003-02-28,0.305
NYSE,KEY,2002-11-29,0.3
NYSE,KEY,2002-08-23,0.3
NYSE,KEY,2002-05-30,0.3
NYSE,KEY,2002-03-01,0.3
NYSE,KEY,2001-11-23,0.295
NYSE,KEY,2001-08-24,0.295
NYSE,KEY,2001-05-24,0.295
NYSE,KEY,2001-02-23,0.295
NYSE,KEY,2000-11-24,0.28
NYSE,KEY,2000-08-25,0.28
NYSE,KEY,2000-05-25,0.28
NYSE,KEY,2000-02-25,0.28
NYSE,KEY,1999-12-01,0.26
NYSE,KEY,1999-08-27,0.26
NYSE,KEY,1999-05-27,0.26
NYSE,KEY,1999-02-26,0.26
NYSE,KEY,1998-11-27,0.235
NYSE,KEY,1998-08-28,0.235
NYSE,KEY,1998-05-29,0.235
NYSE,KEY,1998-02-12,0.235
NYSE,KEY,1997-11-28,0.21
NYSE,KEY,1997-08-28,0.21
NYSE,KEY,1997-05-22,0.21
NYSE,KEY,1997-02-28,0.21
NYSE,KEY,1996-11-29,0.19
NYSE,KEY,1996-08-23,0.19
NYSE,KEY,1996-05-31,0.19
NYSE,KEY,1995-11-24,0.18
NYSE,KEY,1995-08-25,0.18
NYSE,KEY,1995-05-23,0.18
NYSE,KEY,1995-02-22,0.18
NYSE,KEY,1994-11-25,0.16
NYSE,KEY,1994-08-25,0.16
NYSE,KEY,1994-05-24,0.16
NYSE,KEY,1994-02-22,0.3125
NYSE,KEY,1993-12-27,0.155
NYSE,KEY,1993-09-24,0.155
NYSE,KEY,1993-06-24,0.155
NYSE,KEY,1993-03-25,0.155
NYSE,KEY,1992-12-24,0.13
NYSE,KEY,1992-09-24,0.13
NYSE,KEY,1992-06-24,0.13
NYSE,KEY,1992-03-25,0.13
NYSE,KEY,1991-12-24,0.12
NYSE,KEY,1991-09-24,0.12
NYSE,KEY,1991-06-24,0.12
NYSE,KEY,1991-03-22,0.11334
NYSE,KEY,1990-12-24,0.11334
NYSE,KEY,1990-09-24,0.11334
NYSE,KEY,1990-06-25,0.11334
NYSE,KEY,1990-03-26,0.10666
NYSE,KEY,1989-12-22,0.10666
NYSE,KEY,1989-09-25,0.10666
NYSE,KEY,1989-06-26,0.10666
NYSE,KEY,1989-03-27,0.1
NYSE,KEY,1988-12-23,0.1
NYSE,KEY,1988-09-26,0.1
NYSE,KEY,1988-06-24,0.1
NYSE,KEY,1988-03-25,0.1
NYSE,KEY,1987-12-23,0.09334
NYSE,KO,2009-11-27,0.41
NYSE,KO,2009-09-11,0.41
NYSE,KO,2009-06-11,0.41
NYSE,KO,2009-03-11,0.41
NYSE,KO,2008-11-26,0.38
NYSE,KO,2008-09-11,0.38
NYSE,KO,2008-06-11,0.38
NYSE,KO,2008-03-12,0.38
NYSE,KO,2007-11-28,0.34
NYSE,KO,2007-09-12,0.34
NYSE,KO,2007-06-13,0.34
NYSE,KO,2007-03-13,0.34
NYSE,KO,2006-11-29,0.31
NYSE,KO,2006-09-13,0.31
NYSE,KO,2006-06-13,0.31
NYSE,KO,2006-03-13,0.31
NYSE,KO,2005-11-29,0.28
NYSE,KO,2005-09-13,0.28
NYSE,KO,2005-06-13,0.28
NYSE,KO,2005-03-11,0.28
NYSE,KO,2004-11-29,0.25
NYSE,KO,2004-09-13,0.25
NYSE,KO,2004-06-14,0.25
NYSE,KO,2004-03-11,0.25
NYSE,KO,2003-11-26,0.22
NYSE,KO,2003-09-11,0.22
NYSE,KO,2003-06-11,0.22
NYSE,KO,2003-03-12,0.22
NYSE,KO,2002-11-26,0.2
NYSE,KO,2002-09-11,0.2
NYSE,KO,2002-06-12,0.2
NYSE,KO,2002-03-13,0.2
NYSE,KO,2001-11-28,0.18
NYSE,KO,2001-06-13,0.18
NYSE,KO,2001-03-13,0.18
NYSE,KO,2000-11-29,0.17
NYSE,KO,2000-09-13,0.17
NYSE,KO,2000-06-13,0.17
NYSE,KO,2000-03-13,0.17
NYSE,KO,1999-11-29,0.16
NYSE,KO,1999-09-13,0.16
NYSE,KO,1999-06-11,0.16
NYSE,KO,1999-03-11,0.16
NYSE,KO,1998-11-27,0.15
NYSE,KO,1998-09-11,0.15
NYSE,KO,1998-06-11,0.15
NYSE,KO,1998-03-11,0.15
NYSE,KO,1997-11-26,0.14
NYSE,KO,1997-09-11,0.14
NYSE,KO,1997-06-11,0.14
NYSE,KO,1997-03-12,0.14
NYSE,KO,1996-11-26,0.125
NYSE,KO,1996-09-11,0.125
NYSE,KO,1996-06-12,0.125
NYSE,KO,1996-03-13,0.125
NYSE,KO,1995-11-29,0.11
NYSE,KO,1995-09-13,0.11
NYSE,KO,1995-06-13,0.11
NYSE,KO,1995-03-09,0.11
NYSE,KO,1994-11-25,0.0975
NYSE,KO,1994-09-09,0.0975
NYSE,KO,1994-06-09,0.0975
NYSE,KO,1994-03-09,0.0975
NYSE,KO,1993-11-24,0.085
NYSE,KO,1993-09-09,0.085
NYSE,KO,1993-06-09,0.085
NYSE,KO,1993-03-09,0.085
NYSE,KO,1992-11-24,0.07
NYSE,KO,1992-09-09,0.07
NYSE,KO,1992-06-09,0.07
NYSE,KO,1992-03-09,0.07
NYSE,KO,1991-11-22,0.06
NYSE,KO,1991-09-09,0.06
NYSE,KO,1991-06-10,0.06
NYSE,KO,1991-03-11,0.06
NYSE,KO,1990-11-26,0.05
NYSE,KO,1990-09-10,0.05
NYSE,KO,1990-06-11,0.05
NYSE,KO,1990-03-09,0.05
NYSE,KO,1989-11-27,0.0425
NYSE,KO,1989-09-11,0.0425
NYSE,KO,1989-06-09,0.0425
NYSE,KO,1989-03-09,0.0425
NYSE,KO,1988-11-25,0.0375
NYSE,KO,1988-09-09,0.0375
NYSE,KO,1988-06-09,0.0375
NYSE,KO,1988-03-09,0.0375
NYSE,KO,1987-11-24,0.035
NYSE,KO,1987-09-09,0.035
NYSE,KO,1987-06-09,0.035
NYSE,KO,1987-03-10,0.035
NYSE,KO,1986-11-24,0.0325
NYSE,KO,1986-09-09,0.0325
NYSE,KO,1986-06-10,0.0325
NYSE,KO,1986-03-10,0.0325
NYSE,KO,1985-11-25,0.03083
NYSE,KO,1985-09-10,0.03083
NYSE,KO,1985-06-11,0.03083
NYSE,KO,1985-03-11,0.03083
NYSE,KO,1984-11-27,0.02875
NYSE,KO,1984-09-10,0.02875
NYSE,KO,1984-06-11,0.02875
NYSE,KO,1984-03-09,0.02875
NYSE,KO,1983-11-25,0.02792
NYSE,KO,1983-09-12,0.02792
NYSE,KO,1983-06-09,0.02792
NYSE,KO,1983-03-09,0.02792
NYSE,KO,1982-11-24,0.02583
NYSE,KO,1982-09-09,0.02583
NYSE,KO,1982-05-24,0.02583
NYSE,KO,1982-03-09,0.02583
NYSE,KO,1981-11-24,0.02417
NYSE,KO,1981-09-09,0.02417
NYSE,KO,1981-06-09,0.02417
NYSE,KO,1981-03-10,0.02417
NYSE,KO,1980-11-24,0.0225
NYSE,KO,1980-09-10,0.0225
NYSE,KO,1980-06-09,0.0225
NYSE,KO,1980-03-11,0.0225
NYSE,KO,1979-11-26,0.02042
NYSE,KO,1979-09-10,0.02042
NYSE,KO,1979-06-12,0.02042
NYSE,KO,1979-03-13,0.02042
NYSE,KO,1978-11-27,0.01812
NYSE,KO,1978-09-08,0.01812
NYSE,KO,1978-06-12,0.01812
NYSE,KO,1978-03-10,0.01812
NYSE,KO,1977-11-25,0.01604
NYSE,KO,1977-09-12,0.01604
NYSE,KO,1977-06-10,0.01604
NYSE,KO,1977-03-10,0.01604
NYSE,KO,1976-11-24,0.01379
NYSE,KO,1976-09-10,0.01379
NYSE,KO,1976-06-08,0.01379
NYSE,KO,1976-03-11,0.01379
NYSE,KO,1975-11-24,0.01198
NYSE,KO,1975-09-10,0.01198
NYSE,KO,1975-06-09,0.01198
NYSE,KO,1975-03-11,0.01198
NYSE,KO,1974-11-25,0.0111
NYSE,KO,1974-09-10,0.0111
NYSE,KO,1974-06-10,0.01058
NYSE,KO,1974-03-08,0.01058
NYSE,KO,1973-11-26,0.0099
NYSE,KO,1973-09-10,0.0099
NYSE,KO,1973-06-08,0.00885
NYSE,KO,1973-03-12,0.00885
NYSE,KO,1972-11-27,0.00854
NYSE,KO,1972-09-08,0.00854
NYSE,KO,1972-06-08,0.00854
NYSE,KO,1972-03-10,0.00854
NYSE,KO,1971-11-24,0.00823
NYSE,KO,1971-09-10,0.00823
NYSE,KO,1971-06-08,0.00823
NYSE,KO,1971-03-08,0.00823
NYSE,KO,1970-11-24,0.0075
NYSE,KO,1970-09-10,0.0075
NYSE,KO,1970-06-08,0.0075
NYSE,KO,1969-11-24,0.00688
NYSE,KO,1969-09-10,0.00688
NYSE,KO,1969-06-09,0.00688
NYSE,KO,1969-03-10,0.00688
NYSE,KO,1968-11-25,0.00625
NYSE,KO,1968-09-10,0.00625
NYSE,KO,1968-06-10,0.00625
NYSE,KO,1968-03-08,0.01094
NYSE,KO,1967-11-28,0.01094
NYSE,KO,1967-09-11,0.01094
NYSE,KO,1967-06-09,0.01094
NYSE,KO,1967-03-13,0.01094
NYSE,KO,1966-11-28,0.0099
NYSE,KO,1966-09-09,0.0099
NYSE,KO,1966-06-09,0.0099
NYSE,KO,1966-03-14,0.0099
NYSE,KO,1965-11-26,0.00885
NYSE,KO,1965-09-09,0.00885
NYSE,KO,1965-06-09,0.00885
NYSE,KO,1965-03-09,0.00885
NYSE,KO,1964-11-25,0.01562
NYSE,KO,1964-09-09,0.01562
NYSE,KO,1964-06-09,0.01562
NYSE,KO,1964-03-10,0.01562
NYSE,KO,1963-11-26,0.01406
NYSE,KO,1963-09-11,0.01406
NYSE,KO,1963-06-11,0.01406
NYSE,KO,1963-03-11,0.01406
NYSE,KO,1962-11-28,0.0125
NYSE,KO,1962-09-11,0.0125
NYSE,KO,1962-06-11,0.0125
NYSE,KO,1962-03-13,0.0125
NYSE,KVW,2009-12-29,1.0
NYSE,KVW,2009-06-26,1.0
NYSE,KVW,2008-12-29,1.0
NYSE,KVW,2008-06-26,1.0
NYSE,KVW,2007-12-27,1.0
NYSE,KVW,2007-06-27,1.0
NYSE,KVW,2006-12-27,1.0
NYSE,KVW,2006-06-28,1.0
NYSE,KVW,2005-12-28,1.0
NYSE,KVW,2004-12-29,1.0
NYSE,KVW,2004-06-28,1.0
NYSE,KVW,2003-12-29,1.0
NYSE,KVW,2003-06-26,0.722
NYSE,KVF,2009-12-29,0.969
NYSE,KVF,2009-06-26,0.969
NYSE,KVF,2008-12-29,0.969
NYSE,KVF,2008-06-26,0.969
NYSE,KVF,2007-12-27,0.969
NYSE,KVF,2007-06-27,0.969
NYSE,KVF,2006-12-27,0.969
NYSE,KVF,2006-06-28,0.969
NYSE,KVF,2005-12-28,0.969
NYSE,KVF,2004-12-29,0.969
NYSE,KVF,2004-06-28,0.969
NYSE,KVF,2003-12-29,0.969
NYSE,KCC,2009-09-10,1.025
NYSE,KCC,2009-03-11,1.025
NYSE,KCC,2008-09-10,1.025
NYSE,KCC,2008-03-12,1.025
NYSE,KCC,2007-09-12,1.025
NYSE,KCC,2007-03-12,1.025
NYSE,KCC,2006-09-12,1.025
NYSE,KCC,2006-03-10,1.025
NYSE,KCC,2005-09-12,1.025
NYSE,KCC,2005-03-10,1.025
NYSE,KCC,2004-09-10,1.024
NYSE,KCC,2004-03-10,1.025
NYSE,KHD,2002-08-14,0.665
NYSE,KHD,1999-06-10,0.0025
NYSE,KHD,1998-06-10,0.0025
NYSE,KUB,2007-03-28,0.298
NYSE,KUB,2005-09-27,0.136
NYSE,KUB,2005-03-28,0.144
NYSE,KUB,2004-09-27,0.137
NYSE,KUB,2004-03-26,0.135
NYSE,KUB,2003-09-25,0.128
NYSE,KUB,2003-03-26,0.128
NYSE,KUB,2002-09-25,0.127
NYSE,KUB,2002-03-26,0.117
NYSE,KUB,2001-09-25,0.123
NYSE,KUB,2001-03-27,0.123
NYSE,KUB,2000-09-26,0.141
NYSE,KUB,2000-03-28,0.138
NYSE,KUB,1999-09-27,0.1425
NYSE,KUB,1999-03-26,0.123
NYSE,KUB,1998-09-25,0.105
NYSE,KUB,1998-03-26,0.1185
NYSE,KUB,1997-09-25,0.123
NYSE,KUB,1997-03-25,0.123
NYSE,KUB,1996-09-25,0.1365
NYSE,KUB,1996-03-26,0.141
NYSE,KUB,1995-09-27,0.1485
NYSE,KSK,2009-10-28,0.925
NYSE,KSK,2009-04-28,0.925
NYSE,KSK,2008-10-29,0.925
NYSE,KSK,2008-04-28,0.925
NYSE,KSK,2007-10-29,0.925
NYSE,KSK,2007-04-26,0.925
NYSE,KSK,2006-10-27,0.925
NYSE,KSK,2006-04-26,0.925
NYSE,KSK,2005-10-27,0.925
NYSE,KSK,2005-04-27,0.925
NYSE,KSK,2004-10-27,0.925
NYSE,KSK,2004-04-28,0.925
NYSE,KSK,2003-10-29,0.925
NYSE,KSK,2003-04-28,0.923
NYSE,KSK,2002-10-29,0.925
NYSE,KSK,2002-04-26,0.925
NYSE,KSK,2001-10-29,0.925
NYSE,KSK,2001-04-26,0.313
NYSE,KVT,2009-10-28,0.797
NYSE,KVT,2009-04-28,0.797
NYSE,KVT,2008-10-29,0.797
NYSE,KVT,2008-04-28,0.797
NYSE,KVT,2007-10-29,0.797
NYSE,KVT,2007-04-26,0.797
NYSE,KVT,2006-10-27,0.797
NYSE,KVT,2006-04-26,0.797
NYSE,KVT,2005-10-27,0.797
NYSE,KVT,2005-04-27,0.797
NYSE,KVT,2004-10-27,0.797
NYSE,KVT,2004-04-28,0.797
NYSE,KVT,2003-10-29,0.797
NYSE,KNL,2009-12-11,0.02
NYSE,KNL,2009-09-11,0.02
NYSE,KNL,2009-06-11,0.02
NYSE,KNL,2009-03-12,0.12
NYSE,KNL,2008-12-11,0.12
NYSE,KNL,2008-09-11,0.12
NYSE,KNL,2008-06-12,0.12
NYSE,KNL,2008-03-12,0.12
NYSE,KNL,2007-12-12,0.12
NYSE,KNL,2007-09-12,0.11
NYSE,KNL,2007-06-13,0.11
NYSE,KNL,2007-03-13,0.11
NYSE,KNL,2006-12-13,0.11
NYSE,KNL,2006-09-13,0.1
NYSE,KNL,2006-06-13,0.1
NYSE,KNL,2006-03-13,0.1
NYSE,KNL,2005-12-13,0.1
NYSE,KNL,2005-09-13,0.05
NYSE,KNL,2005-06-13,0.05
NYSE,KNL,2005-03-14,0.05
NYSE,KR,2009-11-12,0.095
NYSE,KR,2009-08-12,0.09
NYSE,KR,2009-05-13,0.09
NYSE,KR,2009-02-11,0.09
NYSE,KR,2008-11-12,0.09
NYSE,KR,2008-08-13,0.09
NYSE,KR,2008-05-13,0.09
NYSE,KR,2008-02-13,0.075
NYSE,KR,2007-11-13,0.075
NYSE,KR,2007-08-13,0.075
NYSE,KR,2007-05-11,0.075
NYSE,KR,2007-02-13,0.065
NYSE,KR,2006-11-13,0.065
NYSE,KR,2006-08-11,0.065
NYSE,KR,2006-05-11,0.065
NYSE,KR,1988-12-05,2.0
NYSE,KR,1988-10-31,10.0
NYSE,KR,1988-10-07,0.07
NYSE,KR,1988-08-04,0.07
NYSE,KR,1988-05-04,0.07
NYSE,KR,1988-02-09,0.0655
NYSE,KR,1987-11-03,0.0655
NYSE,KR,1987-07-29,0.0655
NYSE,KR,1987-04-27,0.0655
NYSE,KR,1987-02-10,0.0655
NYSE,KR,1986-10-28,0.0655
NYSE,KR,1986-07-28,0.06563
NYSE,KR,1986-04-28,0.0625
NYSE,KR,1986-02-04,0.0625
NYSE,KR,1985-10-29,0.0625
NYSE,KR,1985-07-30,0.0625
NYSE,KR,1985-04-29,0.0625
NYSE,KR,1984-10-22,0.0625
NYSE,KR,1984-07-23,0.0625
NYSE,KR,1984-04-23,0.0625
NYSE,KR,1984-01-25,0.0625
NYSE,KR,1983-10-24,0.0625
NYSE,KR,1983-07-26,0.05875
NYSE,KR,1983-01-26,0.05875
NYSE,KR,1982-10-25,0.05875
NYSE,KR,1982-07-26,0.05375
NYSE,KR,1982-04-26,0.05375
NYSE,KR,1982-01-26,0.05375
NYSE,KR,1981-10-26,0.05375
NYSE,KR,1981-07-27,0.0475
NYSE,KR,1981-04-27,0.0475
NYSE,KR,1981-01-27,0.0475
NYSE,KR,1980-10-27,0.0475
NYSE,KR,1980-07-28,0.0425
NYSE,KR,1980-04-21,0.0425
NYSE,KR,1979-10-22,0.0425
NYSE,KR,1979-07-23,0.0425
NYSE,KR,1979-04-23,0.01812
NYSE,KR,1979-01-29,0.03625
NYSE,KR,1978-07-24,0.0275
NYSE,KR,1978-04-24,0.0275
NYSE,KR,1978-01-26,0.025
NYSE,KR,1977-10-24,0.025
NYSE,KR,1977-07-25,0.025
NYSE,KR,1977-04-25,0.0225
NYSE,KR,1977-01-24,0.0225
NYSE,KSA,2009-09-10,1.063
NYSE,KSA,2009-03-11,1.063
NYSE,KSA,2008-09-10,1.063
NYSE,KSA,2008-03-12,1.063
NYSE,KSA,2007-09-12,1.063
NYSE,KSA,2007-03-12,1.063
NYSE,KSA,2006-09-12,1.063
NYSE,KSA,2006-03-10,1.063
NYSE,KSA,2005-09-12,1.063
NYSE,KSA,2005-03-10,1.063
NYSE,KSA,2004-09-10,1.063
NYSE,KSA,2004-03-10,1.063
NYSE,KSA,2003-09-10,1.063
NYSE,KSA,2003-03-12,1.063
NYSE,KSA,2002-09-11,1.063
NYSE,KSA,2002-03-12,1.063
NYSE,KSA,2001-03-12,0.53
NYSE,KGC,2009-09-21,0.05
NYSE,KGC,2009-03-20,0.04
NYSE,KGC,2008-09-19,0.04
NYSE,KGC,2008-03-19,0.04
NYSE,KMM,2010-01-14,0.068
NYSE,KMM,2009-12-15,0.068
NYSE,KMM,2009-11-12,0.068
NYSE,KMM,2009-10-14,0.065
NYSE,KMM,2009-09-16,0.065
NYSE,KMM,2009-08-13,0.065
NYSE,KMM,2009-07-15,0.065
NYSE,KMM,2009-06-11,0.065
NYSE,KMM,2009-05-14,0.065
NYSE,KMM,2009-04-15,0.065
NYSE,KMM,2009-03-12,0.065
NYSE,KMM,2009-02-12,0.065
NYSE,KMM,2009-01-15,0.065
NYSE,KMM,2008-12-11,0.065
NYSE,KMM,2008-11-13,0.065
NYSE,KMM,2008-10-14,0.065
NYSE,KMM,2008-09-16,0.065
NYSE,KMM,2008-08-14,0.065
NYSE,KMM,2008-07-15,0.065
NYSE,KMM,2008-06-12,0.065
NYSE,KMM,2008-05-15,0.065
NYSE,KMM,2008-04-15,0.065
NYSE,KMM,2008-03-13,0.065
NYSE,KMM,2008-02-14,0.065
NYSE,KMM,2008-01-16,0.065
NYSE,KMM,2007-12-13,0.065
NYSE,KMM,2007-11-14,0.065
NYSE,KMM,2007-10-11,0.065
NYSE,KMM,2007-09-13,0.065
NYSE,KMM,2007-08-15,0.065
NYSE,KMM,2007-07-12,0.065
NYSE,KMM,2007-06-14,0.065
NYSE,KMM,2007-05-15,0.065
NYSE,KMM,2007-04-12,0.065
NYSE,KMM,2007-03-15,0.065
NYSE,KMM,2007-02-14,0.065
NYSE,KMM,2007-01-16,0.065
NYSE,KMM,2006-12-14,0.065
NYSE,KMM,2006-11-16,0.065
NYSE,KMM,2006-10-12,0.065
NYSE,KMM,2006-09-19,0.065
NYSE,KMM,2006-08-15,0.065
NYSE,KMM,2006-07-13,0.065
NYSE,KMM,2006-06-14,0.065
NYSE,KMM,2006-06-13,0.065
NYSE,KMM,2006-04-17,0.065
NYSE,KMM,2006-03-14,0.065
NYSE,KMM,2006-02-14,0.065
NYSE,KMM,2006-01-17,0.065
NYSE,KMM,2005-12-15,0.065
NYSE,KMM,2005-11-15,0.065
NYSE,KMM,2005-10-13,0.065
NYSE,KMM,2005-09-15,0.065
NYSE,KMM,2005-08-11,0.065
NYSE,KMM,2005-07-14,0.065
NYSE,KMM,2005-06-15,0.065
NYSE,KMM,2005-05-12,0.065
NYSE,KMM,2005-04-14,0.065
NYSE,KMM,2005-03-15,0.065
NYSE,KMM,2005-02-15,0.065
NYSE,KMM,2005-01-13,0.065
NYSE,KMM,2004-12-15,0.065
NYSE,KMM,2004-11-12,0.065
NYSE,KMM,2004-10-14,0.065
NYSE,KMM,2004-09-15,0.062
NYSE,KMM,2004-08-12,0.062
NYSE,KMM,2004-07-14,0.062
NYSE,KMM,2004-06-15,0.062
NYSE,KMM,2004-05-13,0.062
NYSE,KMM,2004-04-14,0.062
NYSE,KMM,2004-03-11,0.062
NYSE,KMM,2004-02-12,0.062
NYSE,KMM,2004-01-14,0.062
NYSE,KMM,2003-12-12,0.062
NYSE,KMM,2003-11-13,0.062
NYSE,KMM,2003-10-16,0.062
NYSE,KMM,2003-09-11,0.062
NYSE,KMM,2003-08-13,0.062
NYSE,KMM,2003-07-15,0.062
NYSE,KMM,2003-06-12,0.062
NYSE,KMM,2003-05-14,0.062
NYSE,KMM,2003-04-15,0.062
NYSE,KMM,2003-03-13,0.068
NYSE,KMM,2003-02-12,0.068
NYSE,KMM,2003-01-15,0.068
NYSE,KMM,2002-12-12,0.068
NYSE,KMM,2002-11-13,0.068
NYSE,KMM,2002-10-15,0.068
NYSE,KMM,2002-09-12,0.068
NYSE,KMM,2002-08-14,0.068
NYSE,KMM,2002-07-11,0.068
NYSE,KMM,2002-06-13,0.068
NYSE,KMM,2002-05-14,0.068
NYSE,KMM,2002-04-11,0.068
NYSE,KMM,2002-03-13,0.068
NYSE,KMM,2002-02-13,0.078
NYSE,KMM,2001-12-27,0.078
NYSE,KMM,2001-12-13,0.078
NYSE,KMM,2001-11-13,0.078
NYSE,KMM,2001-10-11,0.078
NYSE,KMM,2001-08-13,0.078
NYSE,KMM,2001-07-12,0.078
NYSE,KMM,2001-06-13,0.078
NYSE,KMM,2001-05-11,0.078
NYSE,KMM,2001-04-11,0.078
NYSE,KMM,2001-03-13,0.078
NYSE,KMM,2001-02-13,0.078
NYSE,KMM,2000-12-27,0.22
NYSE,KMM,2000-12-13,0.078
NYSE,KMM,2000-11-13,0.078
NYSE,KMM,2000-10-12,0.078
NYSE,KMM,2000-09-13,0.078
NYSE,KMM,2000-08-11,0.078
NYSE,KMM,2000-07-13,0.078
NYSE,KMM,2000-06-13,0.078
NYSE,KMM,2000-05-11,0.078
NYSE,KMM,2000-04-13,0.078
NYSE,KMM,2000-03-13,0.078
NYSE,KMM,2000-02-11,0.078
NYSE,KMM,1999-12-31,0.078
NYSE,KMM,1999-12-13,0.078
NYSE,KMM,1999-11-10,0.078
NYSE,KMM,1999-10-13,0.078
NYSE,KMM,1999-09-13,0.075
NYSE,KMM,1999-08-11,0.075
NYSE,KMM,1999-07-13,0.073
NYSE,KMM,1999-06-11,0.072
NYSE,KMM,1999-05-12,0.07
NYSE,KMM,1999-04-13,0.068
NYSE,KMM,1999-03-11,0.068
NYSE,KMM,1999-02-10,0.068
NYSE,KMM,1999-01-13,0.068
NYSE,KMM,1998-12-11,0.068
NYSE,KMM,1998-11-10,0.068
NYSE,KMM,1998-10-13,0.068
NYSE,KMM,1998-09-11,0.068
NYSE,KMM,1998-08-12,0.068
NYSE,KMM,1998-07-13,0.068
NYSE,KMM,1998-06-11,0.068
NYSE,KMM,1998-05-13,0.068
NYSE,KMM,1998-04-13,0.068
NYSE,KMM,1998-03-11,0.068
NYSE,KMM,1998-02-11,0.068
NYSE,KMM,1998-01-13,0.068
NYSE,KMM,1997-12-11,0.068
NYSE,KMM,1997-11-12,0.072
NYSE,KMM,1997-10-10,0.072
NYSE,KMM,1997-09-11,0.072
NYSE,KMM,1997-08-13,0.072
NYSE,KMM,1997-07-11,0.072
NYSE,KMM,1997-06-11,0.072
NYSE,KMM,1997-05-13,0.072
NYSE,KMM,1997-04-11,0.072
NYSE,KMM,1997-03-12,0.072
NYSE,KMM,1997-02-12,0.072
NYSE,KMM,1996-12-20,0.082
NYSE,KMM,1996-12-11,0.082
NYSE,KMM,1996-11-13,0.082
NYSE,KMM,1996-10-10,0.082
NYSE,KMM,1996-09-11,0.082
NYSE,KMM,1996-08-13,0.082
NYSE,KMM,1996-07-11,0.082
NYSE,KMM,1996-06-12,0.082
NYSE,KMM,1996-05-13,0.082
NYSE,KMM,1996-04-11,0.082
NYSE,KMM,1996-03-13,0.082
NYSE,KMM,1996-02-13,0.082
NYSE,KMM,1995-12-21,0.175
NYSE,KMM,1995-12-11,0.082
NYSE,KMM,1995-11-09,0.082
NYSE,KMM,1995-10-06,0.082
NYSE,KMM,1995-09-11,0.082
NYSE,KMM,1995-08-09,0.082
NYSE,KMM,1995-07-10,0.078
NYSE,KMM,1995-06-13,0.078
NYSE,KMM,1995-05-09,0.078
NYSE,KMM,1995-04-07,0.078
NYSE,KMM,1995-03-09,0.078
NYSE,KMM,1995-02-09,0.078
NYSE,KMM,1994-12-23,0.078
NYSE,KMM,1994-12-09,0.078
NYSE,KMM,1994-11-08,0.078
NYSE,KMM,1994-10-07,0.072
NYSE,KMM,1994-09-09,0.072
NYSE,KMM,1994-08-09,0.072
NYSE,KMM,1994-07-11,0.072
NYSE,KMM,1994-06-09,0.072
NYSE,KMM,1994-05-09,0.072
NYSE,KMM,1994-04-11,0.08
NYSE,KMM,1994-03-09,0.08
NYSE,KMM,1994-02-09,0.08
NYSE,KMM,1993-12-27,0.09
NYSE,KMM,1993-12-09,0.09
NYSE,KMM,1993-11-08,0.09
NYSE,KMM,1993-10-08,0.09
NYSE,KMM,1993-09-09,0.09
NYSE,KMM,1993-08-09,0.09
NYSE,KMM,1993-07-09,0.09
NYSE,KMM,1993-06-09,0.09
NYSE,KMM,1993-05-10,0.09
NYSE,KMM,1993-04-08,0.09
NYSE,KMM,1993-03-09,0.09
NYSE,KMM,1993-02-05,0.09
NYSE,KMM,1992-12-24,0.09
NYSE,KMM,1992-12-09,0.09
NYSE,KMM,1992-11-06,0.09
NYSE,KMM,1992-10-08,0.09
NYSE,KMM,1992-09-09,0.09
NYSE,KMM,1992-08-10,0.09
NYSE,KMM,1992-07-09,0.09
NYSE,KMM,1992-06-09,0.09
NYSE,KMM,1992-05-11,0.09
NYSE,KMM,1992-04-09,0.09
NYSE,KMM,1992-03-09,0.09
NYSE,KMM,1992-01-09,0.09
NYSE,KMM,1991-12-09,0.1
NYSE,KMM,1991-11-08,0.1
NYSE,KMM,1991-10-08,0.1
NYSE,KMM,1991-09-09,0.1
NYSE,KMM,1991-08-09,0.1
NYSE,KMM,1991-07-09,0.105
NYSE,KMM,1991-06-10,0.105
NYSE,KMM,1991-05-09,0.105
NYSE,KMM,1991-04-09,0.105
NYSE,KMM,1991-03-11,0.105
NYSE,KMM,1991-02-11,0.105
NYSE,KMM,1991-01-09,0.117
NYSE,KMM,1990-12-10,0.117
NYSE,KMM,1990-11-08,0.117
NYSE,KMM,1990-10-09,0.117
NYSE,KMM,1990-09-10,0.117
NYSE,KMM,1990-08-09,0.117
NYSE,KMM,1990-07-09,0.117
NYSE,KMM,1990-06-11,0.117
NYSE,KMM,1990-05-09,0.117
NYSE,KMM,1990-04-06,0.117
NYSE,KMM,1990-03-09,0.117
NYSE,KMM,1990-02-09,0.117
NYSE,KMM,1990-01-08,0.117
NYSE,KMM,1989-12-11,0.117
NYSE,KMM,1989-11-09,0.117
NYSE,KMM,1989-10-06,0.117
NYSE,KMM,1989-09-11,0.117
NYSE,KMM,1989-08-09,0.117
NYSE,KMM,1989-07-10,0.117
NYSE,KMM,1989-06-09,0.117
NYSE,KMM,1989-05-09,0.117
NYSE,KMM,1989-04-10,0.117
NYSE,KMM,1989-03-09,0.117
NYSE,KNR,2010-01-27,0.85
NYSE,KNR,2009-07-29,0.85
NYSE,KNR,2009-01-28,0.85
NYSE,KNR,2008-07-29,0.85
NYSE,KNR,2008-01-29,0.85
NYSE,KNR,2007-07-27,0.85
NYSE,KNR,2007-01-29,0.85
NYSE,KNR,2006-07-27,0.85
NYSE,KNR,2006-01-27,0.85
NYSE,KNR,2005-07-27,0.85
NYSE,KNR,2005-01-27,0.85
NYSE,KNR,2004-07-28,0.85
NYSE,KNR,2004-01-28,0.85
NYSE,KRG,2010-01-05,0.06
NYSE,KRG,2009-10-05,0.06
NYSE,KRG,2009-07-02,0.06
NYSE,KRG,2009-04-03,0.153
NYSE,KRG,2009-01-05,0.205
NYSE,KRG,2008-10-03,0.205
NYSE,KRG,2008-07-02,0.205
NYSE,KRG,2008-04-03,0.205
NYSE,KRG,2008-01-03,0.205
NYSE,KRG,2007-10-02,0.205
NYSE,KRG,2007-07-03,0.195
NYSE,KRG,2007-04-03,0.195
NYSE,KRG,2007-01-03,0.195
NYSE,KRG,2006-10-03,0.195
NYSE,KRG,2006-07-03,0.188
NYSE,KRG,2006-04-04,0.188
NYSE,KRG,2006-01-04,0.188
NYSE,KRG,2005-09-29,0.188
NYSE,KRG,2005-06-30,0.188
NYSE,KRG,2005-04-01,0.188
NYSE,KRG,2004-12-31,0.188
NYSE,KRG,2004-09-30,0.188
NYSE,KBH,2010-02-02,0.063
NYSE,KBH,2009-11-03,0.063
NYSE,KBH,2009-08-04,0.063
NYSE,KBH,2009-05-05,0.063
NYSE,KBH,2009-02-03,0.063
NYSE,KBH,2008-11-12,0.063
NYSE,KBH,2008-07-08,0.25
NYSE,KBH,2008-05-06,0.25
NYSE,KBH,2008-02-05,0.25
NYSE,KBH,2007-11-05,0.25
NYSE,KBH,2007-08-07,0.25
NYSE,KBH,2007-05-08,0.25
NYSE,KBH,2007-02-06,0.25
NYSE,KBH,2006-11-06,0.25
NYSE,KBH,2006-08-08,0.25
NYSE,KBH,2006-05-09,0.25
NYSE,KBH,2006-02-07,0.25
NYSE,KBH,2005-11-07,0.188
NYSE,KBH,2005-08-09,0.188
NYSE,KBH,2005-05-10,0.188
NYSE,KBH,2005-02-08,0.1875
NYSE,KBH,2004-11-08,0.125
NYSE,KBH,2004-08-10,0.125
NYSE,KBH,2004-05-11,0.125
NYSE,KBH,2004-02-09,0.125
NYSE,KBH,2003-11-07,0.0375
NYSE,KBH,2003-08-11,0.0375
NYSE,KBH,2003-05-12,0.0375
NYSE,KBH,2003-02-10,0.0375
NYSE,KBH,2002-11-08,0.0375
NYSE,KBH,2002-08-12,0.0375
NYSE,KBH,2002-05-10,0.0375
NYSE,KBH,2002-02-08,0.0375
NYSE,KBH,2001-08-10,0.0375
NYSE,KBH,2001-05-09,0.0375
NYSE,KBH,2001-02-06,0.0375
NYSE,KBH,2000-11-10,0.0375
NYSE,KBH,2000-08-15,0.0375
NYSE,KBH,2000-05-09,0.0375
NYSE,KBH,2000-02-08,0.0375
NYSE,KBH,1999-11-08,0.0375
NYSE,KBH,1999-08-10,0.0375
NYSE,KBH,1999-05-11,0.0375
NYSE,KBH,1999-02-09,0.0375
NYSE,KBH,1998-11-06,0.0375
NYSE,KBH,1998-08-11,0.0375
NYSE,KBH,1998-05-11,0.0375
NYSE,KBH,1998-02-09,0.0375
NYSE,KBH,1997-11-07,0.0375
NYSE,KBH,1997-08-12,0.0375
NYSE,KBH,1997-05-12,0.0375
NYSE,KBH,1997-02-11,0.0375
NYSE,KBH,1996-11-08,0.0375
NYSE,KBH,1996-08-12,0.0375
NYSE,KBH,1996-05-10,0.0375
NYSE,KBH,1996-02-09,0.0375
NYSE,KBH,1995-11-10,0.0375
NYSE,KBH,1995-08-10,0.0375
NYSE,KBH,1995-05-08,0.0375
NYSE,KBH,1995-02-08,0.0375
NYSE,KBH,1994-11-08,0.0375
NYSE,KBH,1994-08-08,0.0375
NYSE,KBH,1994-05-09,0.0375
NYSE,KBH,1994-02-08,0.0375
NYSE,KBH,1993-11-08,0.0375
NYSE,KBH,1993-08-09,0.0375
NYSE,KBH,1993-05-07,0.0375
NYSE,KBH,1993-02-08,0.0375
NYSE,KBH,1992-11-09,0.0375
NYSE,KBH,1992-08-10,0.0375
NYSE,KBH,1992-05-07,0.0375
NYSE,KBH,1992-02-10,0.0375
NYSE,KBH,1991-11-12,0.0375
NYSE,KBH,1991-08-08,0.0375
NYSE,KBH,1991-05-07,0.0375
NYSE,KBH,1991-02-11,0.0375
NYSE,KBH,1990-11-05,0.0375
NYSE,KBH,1990-08-08,0.0375
NYSE,KBH,1990-05-10,0.0375
NYSE,KBH,1990-02-09,0.0375
NYSE,KBH,1989-11-06,0.0375
NYSE,KBH,1989-08-08,0.0375
NYSE,KBH,1989-05-10,0.0375
NYSE,KBH,1989-03-07,2.25
NYSE,KBH,1989-02-10,0.025
NYSE,KBH,1988-11-04,0.025
NYSE,KBH,1988-02-09,0.025
NYSE,KTC,2005-12-28,0.973
NYSE,KTC,2005-01-07,0.318
NYSE,KTC,2004-06-28,0.43
NYSE,KTC,2003-12-29,0.361
NYSE,KTC,2002-12-27,0.299
NYSE,KTC,2001-12-27,0.236
NYSE,KTC,2000-12-27,0.207
NYSE,KTC,1999-12-29,0.198
NYSE,KRC,2009-12-29,0.35
NYSE,KRC,2009-09-28,0.35
NYSE,KRC,2009-06-26,0.35
NYSE,KRC,2009-03-27,0.58
NYSE,KRC,2008-12-29,0.58
NYSE,KRC,2008-09-26,0.58
NYSE,KRC,2008-06-26,0.58
NYSE,KRC,2008-03-27,0.58
NYSE,KRC,2007-12-27,0.555
NYSE,KRC,2007-09-26,0.555
NYSE,KRC,2007-06-27,0.555
NYSE,KRC,2007-03-28,0.555
NYSE,KRC,2006-12-27,0.53
NYSE,KRC,2006-09-27,0.53
NYSE,KRC,2006-06-28,0.53
NYSE,KRC,2006-03-29,0.53
NYSE,KRC,2005-12-28,0.51
NYSE,KRC,2005-09-28,0.51
NYSE,KRC,2005-06-28,0.51
NYSE,KRC,2005-03-29,0.51
NYSE,KRC,2004-12-29,0.495
NYSE,KRC,2004-09-28,0.495
NYSE,KRC,2004-06-28,0.495
NYSE,KRC,2004-03-29,0.495
NYSE,KRC,2003-12-29,0.495
NYSE,KRC,2003-09-26,0.495
NYSE,KRC,2003-06-26,0.495
NYSE,KRC,2003-03-27,0.495
NYSE,KRC,2002-12-27,0.48
NYSE,KRC,2002-09-26,0.495
NYSE,KRC,2002-06-26,0.495
NYSE,KRC,2002-03-26,0.495
NYSE,KRC,2001-12-26,0.48
NYSE,KRC,2001-09-26,0.48
NYSE,KRC,2001-06-27,0.48
NYSE,KRC,2001-03-28,0.48
NYSE,KRC,2000-12-27,0.45
NYSE,KRC,2000-09-27,0.45
NYSE,KRC,2000-06-28,0.45
NYSE,KRC,2000-03-29,0.45
NYSE,KRC,1999-12-29,0.42
NYSE,KRC,1999-09-28,0.42
NYSE,KRC,1999-06-28,0.42
NYSE,KRC,1999-03-29,0.42
NYSE,KRC,1998-12-29,0.405
NYSE,KRC,1998-09-28,0.405
NYSE,KRC,1998-06-26,0.405
NYSE,KRC,1998-03-27,0.405
NYSE,KRC,1997-12-29,0.388
NYSE,KRC,1997-09-26,0.388
NYSE,KRC,1997-06-26,0.388
NYSE,KVR,2009-09-10,0.75
NYSE,KVR,2009-03-11,0.75
NYSE,KVR,2008-09-10,0.75
NYSE,KVR,2008-03-12,0.75
NYSE,KVR,2007-09-12,0.75
NYSE,KVR,2007-03-12,0.75
NYSE,KVR,2006-09-12,0.75
NYSE,KVR,2006-03-10,0.75
NYSE,KVR,2005-09-12,0.75
NYSE,KVR,2005-03-10,0.75
NYSE,KVR,2004-09-10,0.75
NYSE,KVR,2004-03-10,0.75
NYSE,KVR,2003-09-10,0.75
NYSE,KVR,2003-03-12,0.325
NYSE,KVN,2009-12-10,0.938
NYSE,KVN,2009-06-10,0.938
NYSE,KVN,2008-12-10,0.938
NYSE,KVN,2008-06-11,0.938
NYSE,KVN,2007-12-12,0.938
NYSE,KVN,2007-06-12,0.938
NYSE,KVN,2006-12-12,0.938
NYSE,KVN,2006-06-12,0.938
NYSE,KVN,2005-12-12,0.938
NYSE,KVN,2005-06-10,0.938
NYSE,KVN,2004-12-10,0.94
NYSE,KVN,2004-06-10,0.938
NYSE,KVN,2003-12-10,0.938
NYSE,KVN,2003-06-11,0.938
NYSE,KVN,2002-12-11,0.724
NYSE,KOF,2009-04-06,0.508
NYSE,KOF,2008-05-01,0.485
NYSE,KOF,2007-05-10,0.397
NYSE,KOF,2006-06-12,0.339
NYSE,KOF,2005-04-29,0.304
NYSE,KOF,2004-05-11,0.257
NYSE,KOF,2003-05-06,0.0
NYSE,KOF,2002-05-06,0.425
NYSE,KOF,2001-04-06,0.212
NYSE,KOF,2000-06-23,0.154
NYSE,KOF,1999-08-13,0.122
NYSE,KOF,1999-06-09,0.028
NYSE,KOF,1998-06-09,0.108
NYSE,KOF,1998-04-29,0.022
NYSE,KOF,1997-04-29,0.089
NYSE,KOF,1996-07-09,0.04167
NYSE,KOF,1995-07-13,0.33433
NYSE,KOF,1995-07-07,0.01267
NYSE,KOF,1994-07-07,0.05033
NYSE,KF,2008-12-29,90.300003
NYSE,KF,2007-12-27,14.7
NYSE,KF,2007-11-29,159.399994
NYSE,KF,2006-12-27,71.199997
NYSE,KF,2005-12-28,8.5
NYSE,KF,2004-12-29,6.5
NYSE,KF,2003-12-29,3.0
NYSE,KF,2002-12-27,6.75
NYSE,KF,2001-12-27,1.2
NYSE,KF,2001-06-13,0.15
NYSE,KF,2001-03-01,14.06
NYSE,KF,2000-12-27,1.7
NYSE,KF,1997-09-12,0.6
NYSE,KF,1996-09-12,6.0
NYSE,KF,1995-12-27,0.55
NYSE,KF,1994-09-12,0.1
NYSE,KF,1993-12-27,0.1
NYSE,KF,1992-09-01,2.34
NYSE,KF,1991-12-18,1.3
NYSE,KF,1991-08-26,2.7
NYSE,KF,1990-12-26,7.5
NYSE,KF,1990-08-27,14.5
NYSE,KF,1989-12-28,4.9
NYSE,KF,1989-07-28,14.65
NYSE,KF,1988-12-28,1.7
NYSE,KF,1988-12-23,1.82
NYSE,KF,1988-09-14,0.6567
NYSE,KF,1988-01-06,4.8767
NYSE,KTV,2009-11-25,1.025
NYSE,KTV,2009-05-27,1.025
NYSE,KTV,2008-11-25,1.025
NYSE,KTV,2008-05-28,1.025
NYSE,KTV,2007-11-28,1.025
NYSE,KTV,2007-05-29,1.025
NYSE,KTV,2006-11-28,1.025
NYSE,KTV,2006-05-26,1.025
NYSE,KTV,2005-11-28,1.025
NYSE,KTV,2005-05-26,1.025
NYSE,KTV,2004-11-26,1.025
NYSE,KTV,2004-05-26,1.025
NYSE,KTV,2003-11-25,0.513
NYSE,KTV,2003-05-28,1.025
NYSE,KTV,2002-11-26,1.025
NYSE,KTV,2002-05-29,1.025
NYSE,KTV,2001-11-28,1.025
NYSE,KTV,2001-05-29,0.513
NYSE,KTP,2009-08-27,0.953
NYSE,KTP,2009-02-25,0.953
NYSE,KTP,2008-08-27,0.953
NYSE,KTP,2008-02-27,0.953
NYSE,KTP,2007-08-29,0.953
NYSE,KTP,2007-02-26,0.953
NYSE,KTP,2006-08-29,0.953
NYSE,KTP,2006-02-24,0.953
NYSE,KTP,2005-02-24,0.953
NYSE,KTP,2004-08-27,0.953
NYSE,KTP,2004-02-25,0.953
NYSE,KTP,2003-08-27,0.953
NYSE,KTP,2003-02-26,0.953
NYSE,KTP,2002-08-28,0.953
NYSE,KTP,2002-02-26,0.953
NYSE,KTP,2001-08-29,0.953
NYSE,KTP,2001-02-26,0.953
NYSE,KTP,2000-08-29,0.953
NYSE,KTN,2009-12-29,1.026
NYSE,KTN,2009-06-26,1.026
NYSE,KTN,2008-12-29,1.026
NYSE,KTN,2008-06-26,1.026
NYSE,KTN,2007-12-27,1.026
NYSE,KTN,2007-06-27,1.026
NYSE,KTN,2006-12-27,1.026
NYSE,KTN,2006-06-28,1.026
NYSE,KTN,2005-12-28,1.026
NYSE,KTN,2004-12-29,1.026
NYSE,KTN,2004-06-28,1.025
NYSE,KTN,2003-12-29,1.026
NYSE,KND,2007-08-01,6.134
NYSE,KCT,2010-01-27,0.938
NYSE,KCT,2009-07-29,0.938
NYSE,KCT,2009-01-28,0.938
NYSE,KCT,2008-07-29,0.938
NYSE,KCT,2008-01-29,0.938
NYSE,KCT,2007-07-27,0.938
NYSE,KCT,2007-01-29,0.938
NYSE,KCT,2006-07-27,0.938
NYSE,KCT,2006-01-27,0.938
NYSE,KCT,2005-07-27,0.938
NYSE,KCT,2005-01-27,0.938
NYSE,KCT,2004-07-28,0.938
NYSE,KCT,2004-01-28,0.938
NYSE,KCT,2003-07-29,0.938
NYSE,KCT,2003-01-29,0.938
NYSE,KCT,2002-07-29,0.938
NYSE,KCT,2002-01-29,0.938
NYSE,KCT,2001-07-27,0.468
NYSE,KOS,2010-01-27,0.906
NYSE,KOS,2009-07-29,0.906
NYSE,KOS,2009-01-28,0.906
NYSE,KOS,2008-07-29,0.906
NYSE,KOS,2008-01-29,0.906
NYSE,KOS,2007-07-27,0.906
NYSE,KOS,2007-01-29,0.906
NYSE,KOS,2006-07-27,0.906
NYSE,KOS,2006-01-27,0.906
NYSE,KOS,2005-07-27,0.906
NYSE,KOS,2005-01-27,0.906
NYSE,KOS,2004-07-28,0.906
NYSE,KOS,2004-01-28,0.906
NYSE,KOS,2003-07-29,0.906
NYSE,KOS,2003-01-29,0.906
NYSE,KOS,2002-07-29,0.906
NYSE,KFN,2009-12-03,0.05
NYSE,KFN,2008-08-13,0.4
NYSE,KFN,2008-05-13,0.4
NYSE,KFN,2008-02-13,0.5
NYSE,KFN,2007-11-13,0.5
NYSE,KFN,2007-08-14,0.56
NYSE,KFN,2007-05-15,0.56
NYSE,KFN,2007-02-13,0.54
NYSE,KFN,2006-11-14,0.52
NYSE,KFN,2006-08-14,0.49
NYSE,KFN,2006-05-15,0.45
NYSE,KFN,2006-02-13,0.4
NYSE,KFN,2005-11-14,0.32
NYSE,KMT,2010-02-05,0.12
NYSE,KMT,2009-11-03,0.12
NYSE,KMT,2009-08-04,0.12
NYSE,KMT,2009-05-04,0.12
NYSE,KMT,2009-01-30,0.12
NYSE,KMT,2008-11-03,0.12
NYSE,KMT,2008-08-01,0.12
NYSE,KMT,2008-05-01,0.12
NYSE,KMT,2008-02-01,0.12
NYSE,KMT,2007-11-05,0.12
NYSE,KMT,2007-08-03,0.105
NYSE,KMT,2007-05-03,0.105
NYSE,KMT,2007-02-02,0.105
NYSE,KMT,2006-11-06,0.105
NYSE,KMT,2006-08-04,0.095
NYSE,KMT,2006-05-04,0.095
NYSE,KMT,2006-02-03,0.095
NYSE,KMT,2005-11-07,0.095
NYSE,KMT,2005-08-05,0.095
NYSE,KMT,2005-05-05,0.085
NYSE,KMT,2005-02-04,0.085
NYSE,KMT,2004-11-08,0.085
NYSE,KMT,2004-08-06,0.085
NYSE,KMT,2004-05-06,0.085
NYSE,KMT,2004-02-06,0.085
NYSE,KMT,2003-11-06,0.085
NYSE,KMT,2003-08-06,0.085
NYSE,KMT,2003-05-07,0.085
NYSE,KMT,2003-02-06,0.085
NYSE,KMT,2002-11-07,0.085
NYSE,KMT,2002-08-07,0.085
NYSE,KMT,2002-05-08,0.085
NYSE,KMT,2002-02-06,0.085
NYSE,KMT,2001-08-08,0.085
NYSE,KMT,2001-05-08,0.085
NYSE,KMT,2001-02-07,0.085
NYSE,KMT,2000-11-08,0.085
NYSE,KMT,2000-08-08,0.085
NYSE,KMT,2000-05-08,0.085
NYSE,KMT,2000-02-08,0.085
NYSE,KMT,1999-11-08,0.085
NYSE,KMT,1999-08-06,0.085
NYSE,KMT,1999-05-06,0.085
NYSE,KMT,1999-02-08,0.085
NYSE,KMT,1998-11-06,0.085
NYSE,KMT,1998-08-06,0.085
NYSE,KMT,1998-05-06,0.085
NYSE,KMT,1998-02-06,0.085
NYSE,KMT,1997-11-06,0.085
NYSE,KMT,1997-08-06,0.085
NYSE,KMT,1997-05-07,0.085
NYSE,KMT,1997-02-06,0.085
NYSE,KMT,1996-11-06,0.085
NYSE,KMT,1996-08-07,0.075
NYSE,KMT,1996-05-08,0.075
NYSE,KMT,1996-02-07,0.075
NYSE,KMT,1995-11-08,0.075
NYSE,KMT,1995-08-08,0.075
NYSE,KMT,1995-05-04,0.075
NYSE,KMT,1995-02-06,0.075
NYSE,KMT,1994-11-04,0.075
NYSE,KMT,1994-08-04,0.075
NYSE,KMT,1994-05-04,0.0725
NYSE,KMT,1994-02-04,0.0725
NYSE,KMT,1993-11-04,0.0725
NYSE,KMT,1993-08-04,0.0725
NYSE,KMT,1993-05-04,0.0725
NYSE,KMT,1993-02-04,0.0725
NYSE,KMT,1992-11-04,0.0725
NYSE,KMT,1992-08-04,0.0725
NYSE,KMT,1992-05-04,0.0725
NYSE,KMT,1992-02-04,0.0725
NYSE,KMT,1991-11-04,0.0725
NYSE,KMT,1991-08-05,0.0725
NYSE,KMT,1991-05-06,0.0725
NYSE,KMT,1991-02-04,0.0725
NYSE,KMT,1990-11-05,0.0725
NYSE,KMT,1990-08-06,0.0725
NYSE,KMT,1990-05-04,0.0725
NYSE,KMT,1990-02-05,0.0725
NYSE,KMT,1989-11-06,0.0725
NYSE,KMT,1989-08-04,0.0725
NYSE,KMT,1989-05-04,0.0725
NYSE,KMT,1989-02-06,0.0725
NYSE,KMT,1988-11-04,0.0675
NYSE,KMT,1988-08-04,0.0675
NYSE,KMT,1988-05-04,0.0675
NYSE,KMT,1988-02-04,0.0675
NYSE,KLD,2009-12-23,0.21
NYSE,KLD,2009-09-22,0.179
NYSE,KLD,2009-06-24,0.19
NYSE,KLD,2009-03-25,0.225
NYSE,KLD,2008-12-23,0.24
NYSE,KLD,2008-09-24,0.227
NYSE,KLD,2008-06-25,0.212
NYSE,KLD,2007-09-25,0.205
NYSE,KLD,2007-03-23,0.165
NYSE,KLD,2006-06-22,0.222
NYSE,KLD,2005-12-22,0.181
NYSE,KT,2005-12-28,0.973
NYSE,KT,2005-01-07,0.318
NYSE,KT,2004-06-28,0.43
NYSE,KT,2003-12-29,0.361
NYSE,KT,2002-12-27,0.299
NYSE,KT,2001-12-27,0.236
NYSE,KT,2000-12-27,0.207
NYSE,KT,1999-12-29,0.198
NYSE,KSP,2009-11-05,0.45
NYSE,KSP,2009-08-06,0.77
NYSE,KSP,2009-05-06,0.77
NYSE,KSP,2009-02-05,0.77
NYSE,KSP,2008-11-05,0.77
NYSE,KSP,2008-08-04,0.77
NYSE,KSP,2008-05-06,0.76
NYSE,KSP,2008-02-06,0.74
NYSE,KSP,2007-11-06,0.72
NYSE,KSP,2007-07-16,0.7
NYSE,KSP,2007-05-04,0.68
NYSE,KSP,2007-02-06,0.66
NYSE,KSP,2006-11-07,0.64
NYSE,KSP,2006-08-07,0.62
NYSE,KSP,2006-05-05,0.6
NYSE,KSP,2006-02-06,0.59
NYSE,KSP,2005-11-04,0.57
NYSE,KSP,2005-08-08,0.56
NYSE,KSP,2005-05-06,0.54
NYSE,KSP,2005-02-04,0.54
NYSE,KSP,2004-11-08,0.54
NYSE,KSP,2004-08-10,0.525
NYSE,KSP,2004-05-03,0.43
NYSE,KXI,2009-12-21,0.565
NYSE,KXI,2009-06-22,0.681
NYSE,KXI,2008-12-22,0.503
NYSE,KXI,2008-06-23,0.672
NYSE,KXI,2007-12-24,0.364
NYSE,KMB,2009-12-02,0.6
NYSE,KMB,2009-09-02,0.6
NYSE,KMB,2009-06-03,0.6
NYSE,KMB,2009-03-04,0.6
NYSE,KMB,2008-12-03,0.58
NYSE,KMB,2008-09-03,0.58
NYSE,KMB,2008-06-04,0.58
NYSE,KMB,2008-03-05,0.58
NYSE,KMB,2007-12-05,0.53
NYSE,KMB,2007-09-05,0.53
NYSE,KMB,2007-06-06,0.53
NYSE,KMB,2007-03-07,0.53
NYSE,KMB,2006-12-06,0.49
NYSE,KMB,2006-09-06,0.49
NYSE,KMB,2006-06-07,0.49
NYSE,KMB,2006-03-08,0.49
NYSE,KMB,2005-12-07,0.45
NYSE,KMB,2005-09-07,0.45
NYSE,KMB,2005-06-08,0.45
NYSE,KMB,2005-03-02,0.45
NYSE,KMB,2004-12-08,0.4
NYSE,KMB,2004-12-01,1.07
NYSE,KMB,2004-09-08,0.4
NYSE,KMB,2004-06-02,0.4
NYSE,KMB,2004-03-03,0.4
NYSE,KMB,2003-12-03,0.34
NYSE,KMB,2003-09-03,0.34
NYSE,KMB,2003-06-04,0.34
NYSE,KMB,2003-03-05,0.34
NYSE,KMB,2002-12-04,0.3
NYSE,KMB,2002-09-04,0.3
NYSE,KMB,2002-06-05,0.3
NYSE,KMB,2002-03-06,0.3
NYSE,KMB,2001-12-05,0.28
NYSE,KMB,2001-09-05,0.28
NYSE,KMB,2001-06-06,0.28
NYSE,KMB,2001-03-07,0.28
NYSE,KMB,2000-12-06,0.27
NYSE,KMB,2000-09-06,0.27
NYSE,KMB,2000-06-07,0.27
NYSE,KMB,2000-03-08,0.27
NYSE,KMB,1999-12-08,0.26
NYSE,KMB,1999-09-08,0.26
NYSE,KMB,1999-06-02,0.26
NYSE,KMB,1999-03-03,0.26
NYSE,KMB,1998-12-02,0.25
NYSE,KMB,1998-09-02,0.25
NYSE,KMB,1998-06-03,0.25
NYSE,KMB,1998-03-04,0.25
NYSE,KMB,1997-12-03,0.24
NYSE,KMB,1997-09-03,0.24
NYSE,KMB,1997-06-04,0.24
NYSE,KMB,1997-03-05,0.24
NYSE,KMB,1996-12-04,0.23
NYSE,KMB,1996-09-04,0.23
NYSE,KMB,1996-06-05,0.23
NYSE,KMB,1996-03-06,0.23
NYSE,KMB,1995-12-06,0.225
NYSE,KMB,1995-09-06,0.225
NYSE,KMB,1995-06-06,0.225
NYSE,KMB,1995-03-06,0.225
NYSE,KMB,1994-12-05,0.22
NYSE,KMB,1994-09-02,0.22
NYSE,KMB,1994-06-06,0.22
NYSE,KMB,1994-02-28,0.22
NYSE,KMB,1993-12-06,0.215
NYSE,KMB,1993-09-03,0.215
NYSE,KMB,1993-05-28,0.216
NYSE,KMB,1993-03-01,0.205
NYSE,KMB,1992-11-30,0.205
NYSE,KMB,1992-08-31,0.205
NYSE,KMB,1992-06-01,0.205
NYSE,KMB,1992-03-02,0.205
NYSE,KMB,1991-12-02,0.205
NYSE,KMB,1991-08-30,0.185
NYSE,KMB,1991-06-03,0.185
NYSE,KMB,1991-03-04,0.185
NYSE,KMB,1990-12-03,0.17
NYSE,KMB,1990-08-31,0.17
NYSE,KMB,1990-06-04,0.17
NYSE,KMB,1990-03-05,0.17
NYSE,KMB,1989-12-04,0.1625
NYSE,KMB,1989-09-01,0.1625
NYSE,KMB,1989-06-05,0.1625
NYSE,KMB,1989-03-06,0.1625
NYSE,KMB,1988-12-05,0.1
NYSE,KMB,1988-09-02,0.1
NYSE,KMB,1988-06-06,0.1
NYSE,KMB,1988-02-29,0.1
NYSE,KMB,1987-11-30,0.09
NYSE,KMB,1987-08-31,0.09
NYSE,KMB,1987-06-01,0.09
NYSE,KMB,1987-03-02,0.09
NYSE,KMB,1986-12-01,0.0775
NYSE,KMB,1986-08-29,0.0775
NYSE,KMB,1986-06-02,0.0775
NYSE,KMB,1986-03-03,0.0775
NYSE,KMB,1985-12-02,0.0725
NYSE,KMB,1985-08-30,0.0725
NYSE,KMB,1985-06-03,0.0725
NYSE,KMB,1985-03-04,0.0725
NYSE,KEI,2009-12-15,0.013
NYSE,KEI,2009-09-14,0.013
NYSE,KEI,2009-06-12,0.013
NYSE,KEI,2009-03-13,0.038
NYSE,KEI,2008-12-15,0.038
NYSE,KEI,2008-09-12,0.038
NYSE,KEI,2008-06-12,0.038
NYSE,KEI,2008-03-13,0.038
NYSE,KEI,2007-12-13,0.038
NYSE,KEI,2007-09-12,0.038
NYSE,KEI,2007-06-13,0.038
NYSE,KEI,2007-03-14,0.038
NYSE,KEI,2006-12-13,0.038
NYSE,KEI,2006-09-13,0.038
NYSE,KEI,2006-06-14,0.038
NYSE,KEI,2006-03-15,0.038
NYSE,KEI,2005-12-15,0.038
NYSE,KEI,2005-09-15,0.038
NYSE,KEI,2005-06-14,0.038
NYSE,KEI,2005-03-15,0.038
NYSE,KEI,2004-12-10,0.038
NYSE,KEI,2004-09-14,0.038
NYSE,KEI,2004-06-14,0.038
NYSE,KEI,2004-03-15,0.038
NYSE,KEI,2003-12-12,0.038
NYSE,KEI,2003-09-17,0.038
NYSE,KEI,2003-06-12,0.038
NYSE,KEI,2003-03-13,0.038
NYSE,KEI,2002-09-17,0.038
NYSE,KEI,2002-06-12,0.038
NYSE,KEI,2002-03-13,0.038
NYSE,KEI,2001-12-14,0.038
NYSE,KEI,2001-09-17,0.038
NYSE,KEI,2001-06-13,0.038
NYSE,KEI,2001-03-14,0.038
NYSE,KEI,2000-12-14,0.028
NYSE,KEI,2000-09-20,0.028
NYSE,KEI,2000-06-14,0.028
NYSE,KEI,2000-03-15,0.0275
NYSE,KEI,1999-12-15,0.0205
NYSE,KEI,1999-09-21,0.0205
NYSE,KEI,1999-06-14,0.0165
NYSE,KEI,1999-03-10,0.016
NYSE,KEI,1998-12-22,0.016
NYSE,KEI,1998-09-21,0.015
NYSE,KEI,1998-06-10,0.015
NYSE,KEI,1998-03-11,0.015
NYSE,KEI,1997-12-12,0.016
NYSE,KEI,1997-09-11,0.015
NYSE,KEI,1997-06-11,0.015
NYSE,KEI,1997-03-12,0.015
NYSE,KEI,1996-12-18,0.015
NYSE,KEI,1996-09-18,0.0155
NYSE,KEI,1996-06-12,0.0155
NYSE,KEI,1996-03-13,0.015
NYSE,KEI,1995-12-19,0.015
NYSE,KEI,1995-09-20,0.0155
NYSE,KEI,1995-06-14,0.0125
NYSE,KEI,1995-03-13,0.0125
NYSE,KEI,1994-12-12,0.0125
NYSE,KEI,1994-09-15,0.0125
NYSE,KEI,1994-06-13,0.0125
NYSE,KEI,1994-03-11,0.0125
NYSE,KEI,1993-12-14,0.0125
NYSE,KEI,1993-09-20,0.0125
NYSE,KEI,1993-06-14,0.0125
NYSE,KEI,1993-03-11,0.0125
NYSE,KEI,1992-12-16,0.0125
NYSE,KEI,1992-09-18,0.0125
NYSE,KEI,1992-06-08,0.0125
NYSE,KDN,2009-12-10,0.18
NYSE,KDN,2009-09-10,0.18
NYSE,KDN,2009-06-11,0.17
NYSE,KDN,2009-03-12,0.17
NYSE,KDN,2008-12-11,0.17
NYSE,KDN,2008-09-04,0.17
NYSE,KDN,2008-06-05,0.15
NYSE,KDN,2008-03-06,0.15
NYSE,KDN,2007-12-06,0.15
NYSE,KDN,2007-09-06,0.15
NYSE,KDN,2007-06-07,0.12
NYSE,KDN,2007-03-08,0.12
NYSE,KDN,2006-12-07,0.12
NYSE,KDN,2006-09-07,0.12
NYSE,KDN,2006-06-08,0.12
NYSE,KDN,2006-03-09,0.12
NYSE,KDN,2005-12-08,0.12
NYSE,KDN,2005-09-08,0.12
NYSE,KDN,2005-06-09,0.12
NYSE,KDN,2005-03-10,0.12
NYSE,KDN,2004-12-09,0.12
NYSE,KDN,2004-09-09,0.12
NYSE,KDN,2004-06-10,0.12
NYSE,KDN,2004-03-11,0.12
NYSE,KDN,2003-12-04,0.12
NYSE,KDN,2003-09-04,0.12
NYSE,KDN,2003-06-05,0.12
NYSE,KDN,2003-03-07,0.12
NYSE,KDN,2002-12-05,0.12
NYSE,KDN,2002-09-05,0.12
NYSE,KDN,2002-06-06,0.12
NYSE,KDN,2002-03-07,0.12
NYSE,KDN,2001-12-06,0.12
NYSE,KDN,2001-09-06,0.12
NYSE,KDN,2001-06-07,0.12
NYSE,KDN,2001-03-08,0.12
NYSE,KDN,2000-12-07,0.12
NYSE,KDN,2000-09-07,0.11
NYSE,KDN,2000-06-08,0.11
NYSE,KDN,2000-03-09,0.11
NYSE,KDN,1999-12-10,0.11
NYSE,KDN,1999-09-09,0.1
NYSE,KDN,1999-06-10,0.1
NYSE,KDN,1999-03-11,0.1
NYSE,KDN,1998-12-10,0.09
NYSE,KDN,1998-09-10,0.09
NYSE,KDN,1998-06-11,0.09
NYSE,KDN,1998-03-12,0.09
NYSE,KDN,1997-12-11,0.09
NYSE,KDN,1997-09-11,0.07
NYSE,KDN,1997-06-12,0.07
NYSE,KDN,1997-03-13,0.07
NYSE,KDN,1996-12-12,0.07
NYSE,KDN,1996-09-12,0.06
NYSE,KDN,1996-06-13,0.06
NYSE,KDN,1996-03-14,0.06
NYSE,KDN,1995-12-14,0.06
NYSE,KDN,1995-09-14,0.055
NYSE,KDN,1995-06-15,0.055
NYSE,KDN,1995-03-14,0.055
NYSE,KDN,1994-12-13,0.055
NYSE,KDN,1994-09-13,0.05
NYSE,KDN,1994-06-14,0.05
NYSE,KDN,1994-03-15,0.05
NYSE,KDN,1993-12-14,0.05
NYSE,KDN,1993-09-14,0.045
NYSE,KDN,1993-06-15,0.045
NYSE,KDN,1993-03-16,0.045
NYSE,KDN,1992-12-08,0.045
NYSE,KDN,1992-09-08,0.0375
NYSE,KDN,1992-06-09,0.0375
NYSE,KDN,1992-03-10,0.0375
NYSE,KDN,1991-12-10,0.0375
NYSE,KDN,1991-09-10,0.03125
NYSE,KDN,1991-06-11,0.03125
NYSE,KDN,1990-12-11,0.03125
NYSE,KDN,1990-09-11,0.025
NYSE,KNM,2008-09-25,0.258
NYSE,KNM,2008-03-26,0.262
NYSE,KNM,2007-09-26,0.233
NYSE,KNM,2007-03-28,0.231
NYSE,KNM,2006-09-27,0.23
NYSE,KNM,2006-03-28,0.232
NYSE,KNM,2005-09-27,0.244
NYSE,KNM,2005-03-28,0.26
NYSE,KNM,2004-09-27,0.246
NYSE,KNM,2004-03-26,0.243
NYSE,KNM,2003-09-25,0.236
NYSE,KNM,2003-03-26,0.298
NYSE,KIM,2009-12-30,0.16
NYSE,KIM,2009-10-01,0.06
NYSE,KIM,2009-07-01,0.06
NYSE,KIM,2009-04-02,0.44
NYSE,KIM,2008-12-30,0.44
NYSE,KIM,2008-10-01,0.44
NYSE,KIM,2008-07-01,0.4
NYSE,KIM,2008-04-02,0.4
NYSE,KIM,2007-12-28,0.4
NYSE,KIM,2007-10-01,0.4
NYSE,KIM,2007-07-02,0.36
NYSE,KIM,2007-04-02,0.36
NYSE,KIM,2006-12-28,0.36
NYSE,KIM,2006-10-02,0.36
NYSE,KIM,2006-07-03,0.33
NYSE,KIM,2006-04-03,0.33
NYSE,KIM,2005-12-29,0.33
NYSE,KIM,2005-10-03,0.33
NYSE,KIM,2005-07-01,0.305
NYSE,KIM,2005-04-01,0.305
NYSE,KIM,2004-12-30,0.305
NYSE,KIM,2004-10-01,0.285
NYSE,KIM,2004-07-01,0.285
NYSE,KIM,2004-04-01,0.285
NYSE,KIM,2003-12-30,0.285
NYSE,KIM,2003-10-01,0.27
NYSE,KIM,2003-07-01,0.27
NYSE,KIM,2003-04-01,0.27
NYSE,KIM,2002-12-30,0.27
NYSE,KIM,2002-10-01,0.26
NYSE,KIM,2002-07-01,0.26
NYSE,KIM,2002-04-01,0.26
NYSE,KIM,2001-12-28,0.26
NYSE,KIM,2001-10-01,0.24
NYSE,KIM,2001-07-02,0.24
NYSE,KIM,2001-04-02,0.24
NYSE,KIM,2000-12-28,0.24
NYSE,KIM,2000-10-02,0.22667
NYSE,KIM,2000-07-03,0.22
NYSE,KIM,2000-04-03,0.22
NYSE,KIM,1999-12-30,0.22
NYSE,KIM,1999-10-01,0.2
NYSE,KIM,1999-07-01,0.2
NYSE,KIM,1999-04-01,0.2
NYSE,KIM,1998-12-30,0.19
NYSE,KIM,1998-09-29,0.16
NYSE,KIM,1998-06-29,0.02
NYSE,KIM,1998-06-16,0.16
NYSE,KIM,1998-03-30,0.16
NYSE,KIM,1997-12-30,0.16
NYSE,KIM,1997-09-29,0.14333
NYSE,KIM,1997-06-27,0.14333
NYSE,KIM,1997-03-27,0.14333
NYSE,KIM,1996-12-30,0.17433
NYSE,KIM,1996-09-27,0.13
NYSE,KIM,1996-06-27,0.13
NYSE,KIM,1996-03-28,0.13
NYSE,KIM,1995-12-28,0.13
NYSE,KIM,1995-09-28,0.12
NYSE,KIM,1995-06-29,0.12
NYSE,KIM,1995-03-28,0.12
NYSE,KIM,1994-12-23,0.12
NYSE,KIM,1994-10-26,0.11111
NYSE,KIM,1994-07-26,0.11111
NYSE,KIM,1994-04-26,0.11111
NYSE,KIM,1994-01-26,0.11111
NYSE,KIM,1993-10-26,0.10444
NYSE,KIM,1993-07-26,0.10444
NYSE,KIM,1993-04-26,0.10444
NYSE,KIM,1993-01-26,0.10444
NYSE,KIM,1992-10-26,0.09778
NYSE,KIM,1992-07-24,0.09778
NYSE,KIM,1992-04-24,0.09778
NYSE,KIM,1992-01-24,0.03511
NYSE,KEP,2005-12-27,0.556
NYSE,KEP,2004-12-28,0.095
NYSE,KEP,2003-12-26,0.336
NYSE,KEP,2002-12-26,0.229
NYSE,KEP,2001-12-26,0.231
NYSE,KEP,2000-12-27,0.25
NYSE,KEP,1999-12-28,0.267
NYSE,KEP,1998-12-28,0.15
NYSE,KEP,1997-12-26,0.15
NYSE,KEP,1996-12-26,0.297
NYSE,KEP,1995-12-27,0.324
NYSE,KEP,1994-12-23,0.078
NYSE,KYE,2009-12-29,0.48
NYSE,KYE,2009-10-01,0.48
NYSE,KYE,2009-07-01,0.48
NYSE,KYE,2009-04-01,0.48
NYSE,KYE,2008-12-29,0.52
NYSE,KYE,2008-10-01,0.54
NYSE,KYE,2008-07-02,0.53
NYSE,KYE,2008-04-01,0.495
NYSE,KYE,2007-12-27,0.49
NYSE,KYE,2007-10-01,0.94
NYSE,KYE,2007-07-02,0.47
NYSE,KYE,2007-04-02,0.455
NYSE,KYE,2006-12-27,0.445
NYSE,KYE,2006-10-02,0.44
NYSE,KYE,2006-07-03,0.44
NYSE,KYE,2006-04-03,0.415
NYSE,KYE,2005-12-28,0.415
NYSE,KYE,2005-10-03,0.415
NYSE,KMR,2008-04-28,0.96
NYSE,KMR,2008-01-29,0.92
NYSE,KMR,2007-10-29,0.88
NYSE,KMR,2007-07-27,0.85
NYSE,KMR,2007-04-26,0.83
NYSE,KMR,2007-01-29,0.83
NYSE,KMR,2006-10-27,0.81
NYSE,KMR,2006-07-27,0.81
NYSE,KMR,2006-04-26,0.81
NYSE,KMR,2006-01-27,0.8
NYSE,KMR,2005-10-27,0.79
NYSE,KMR,2005-07-27,0.78
NYSE,KMR,2005-04-27,0.76
NYSE,KMR,2005-01-27,0.74
NYSE,KMR,2004-10-27,0.73
NYSE,KMR,2004-07-28,0.71
NYSE,KMR,2004-04-28,0.69
NYSE,KMR,2004-01-28,0.68
NYSE,KMR,2003-10-29,0.66
NYSE,KMR,2003-07-29,0.65
NYSE,KMR,2003-04-28,0.64
NYSE,KMR,2003-01-29,0.625
NYSE,KMR,2002-10-29,0.61
NYSE,KMR,2002-07-29,0.61
NYSE,KMR,2002-07-24,0.03
NYSE,KMR,2002-04-26,0.59
NYSE,KMR,2002-01-29,0.55
NYSE,KMR,2001-10-29,0.55
NYSE,KMR,2001-07-27,0.525
NYSE,KSM,2010-01-14,0.077
NYSE,KSM,2009-12-15,0.084
NYSE,KSM,2009-11-12,0.077
NYSE,KSM,2009-10-14,0.077
NYSE,KSM,2009-09-16,0.077
NYSE,KSM,2009-08-13,0.07
NYSE,KSM,2009-07-15,0.07
NYSE,KSM,2009-06-11,0.07
NYSE,KSM,2009-05-14,0.07
NYSE,KSM,2009-04-15,0.067
NYSE,KSM,2009-03-12,0.067
NYSE,KSM,2009-02-12,0.067
NYSE,KSM,2009-01-15,0.061
NYSE,KSM,2008-12-11,0.088
NYSE,KSM,2008-11-13,0.055
NYSE,KSM,2008-10-14,0.055
NYSE,KSM,2008-09-16,0.055
NYSE,KSM,2008-08-14,0.06
NYSE,KSM,2008-07-15,0.055
NYSE,KSM,2008-06-12,0.055
NYSE,KSM,2008-05-15,0.055
NYSE,KSM,2008-04-15,0.055
NYSE,KSM,2008-03-13,0.055
NYSE,KSM,2008-02-14,0.055
NYSE,KSM,2008-01-16,0.055
NYSE,KSM,2007-12-13,0.055
NYSE,KSM,2007-11-14,0.055
NYSE,KSM,2007-10-11,0.055
NYSE,KSM,2007-09-13,0.055
NYSE,KSM,2007-08-15,0.055
NYSE,KSM,2007-07-12,0.055
NYSE,KSM,2007-06-14,0.055
NYSE,KSM,2007-05-15,0.055
NYSE,KSM,2007-04-12,0.055
NYSE,KSM,2007-03-15,0.055
NYSE,KSM,2007-02-14,0.055
NYSE,KSM,2007-01-16,0.055
NYSE,KSM,2006-12-14,0.055
NYSE,KSM,2006-11-16,0.055
NYSE,KSM,2006-10-12,0.055
NYSE,KSM,2006-09-19,0.055
NYSE,KSM,2006-08-15,0.055
NYSE,KSM,2006-07-13,0.055
NYSE,KSM,2006-06-14,0.063
NYSE,KSM,2006-05-16,0.063
NYSE,KSM,2006-04-17,0.063
NYSE,KSM,2006-03-14,0.063
NYSE,KSM,2006-02-14,0.075
NYSE,KSM,2006-01-17,0.075
NYSE,KSM,2005-12-15,0.075
NYSE,KSM,2005-11-15,0.075
NYSE,KSM,2005-10-13,0.075
NYSE,KSM,2005-09-15,0.075
NYSE,KSM,2005-08-11,0.075
NYSE,KSM,2005-07-14,0.075
NYSE,KSM,2005-06-15,0.075
NYSE,KSM,2005-05-12,0.075
NYSE,KSM,2005-04-14,0.075
NYSE,KSM,2005-03-15,0.075
NYSE,KSM,2005-02-15,0.075
NYSE,KSM,2005-01-13,0.075
NYSE,KSM,2004-12-15,0.075
NYSE,KSM,2004-11-12,0.075
NYSE,KSM,2004-10-14,0.075
NYSE,KSM,2004-09-15,0.075
NYSE,KSM,2004-08-12,0.075
NYSE,KSM,2004-07-14,0.075
NYSE,KSM,2004-06-15,0.075
NYSE,KSM,2004-05-13,0.075
NYSE,KSM,2004-04-14,0.075
NYSE,KSM,2004-03-11,0.075
NYSE,KSM,2004-02-12,0.075
NYSE,KSM,2004-01-14,0.075
NYSE,KSM,2003-12-12,0.075
NYSE,KSM,2003-11-13,0.075
NYSE,KSM,2003-10-16,0.075
NYSE,KSM,2003-09-11,0.075
NYSE,KSM,2003-08-13,0.075
NYSE,KSM,2003-07-15,0.073
NYSE,KSM,2003-06-12,0.073
NYSE,KSM,2003-05-14,0.073
NYSE,KSM,2003-04-15,0.073
NYSE,KSM,2003-03-13,0.07
NYSE,KSM,2003-02-12,0.07
NYSE,KSM,2003-01-15,0.07
NYSE,KSM,2002-12-12,0.07
NYSE,KSM,2002-11-13,0.07
NYSE,KSM,2002-10-15,0.068
NYSE,KSM,2002-09-12,0.068
NYSE,KSM,2002-08-14,0.068
NYSE,KSM,2002-07-11,0.068
NYSE,KSM,2002-06-13,0.068
NYSE,KSM,2002-05-14,0.063
NYSE,KSM,2002-04-11,0.063
NYSE,KSM,2002-03-13,0.063
NYSE,KSM,2002-02-13,0.063
NYSE,KSM,2002-01-15,0.063
NYSE,KSM,2001-12-13,0.063
NYSE,KSM,2001-11-13,0.063
NYSE,KSM,2001-10-11,0.063
NYSE,KSM,2001-08-13,0.063
NYSE,KSM,2001-07-12,0.063
NYSE,KSM,2001-06-13,0.063
NYSE,KSM,2001-05-11,0.063
NYSE,KSM,2001-04-11,0.063
NYSE,KSM,2001-03-13,0.063
NYSE,KSM,2001-02-13,0.063
NYSE,KSM,2001-01-11,0.063
NYSE,KSM,2000-12-13,0.063
NYSE,KSM,2000-11-13,0.063
NYSE,KSM,2000-10-12,0.063
NYSE,KSM,2000-09-13,0.063
NYSE,KSM,2000-08-11,0.063
NYSE,KSM,2000-07-13,0.063
NYSE,KSM,2000-06-13,0.073
NYSE,KSM,2000-05-11,0.063
NYSE,KSM,2000-04-13,0.063
NYSE,KSM,2000-03-13,0.063
NYSE,KSM,2000-02-11,0.063
NYSE,KSM,2000-01-13,0.063
NYSE,KSM,1999-12-31,0.063
NYSE,KSM,1999-12-13,0.063
NYSE,KSM,1999-11-10,0.063
NYSE,KSM,1999-10-13,0.063
NYSE,KSM,1999-09-13,0.063
NYSE,KSM,1999-08-11,0.063
NYSE,KSM,1999-07-13,0.063
NYSE,KSM,1999-06-11,0.062
NYSE,KSM,1999-05-12,0.062
NYSE,KSM,1999-04-13,0.062
NYSE,KSM,1999-03-11,0.062
NYSE,KSM,1999-02-10,0.062
NYSE,KSM,1999-01-13,0.062
NYSE,KSM,1998-12-21,0.01
NYSE,KSM,1998-12-11,0.062
NYSE,KSM,1998-11-10,0.062
NYSE,KSM,1998-10-13,0.062
NYSE,KSM,1998-09-11,0.062
NYSE,KSM,1998-08-12,0.062
NYSE,KSM,1998-07-13,0.062
NYSE,KSM,1998-06-11,0.062
NYSE,KSM,1998-05-13,0.062
NYSE,KSM,1998-04-13,0.062
NYSE,KSM,1998-03-11,0.062
NYSE,KSM,1998-02-11,0.068
NYSE,KSM,1998-01-13,0.068
NYSE,KSM,1997-12-11,0.068
NYSE,KSM,1997-11-12,0.068
NYSE,KSM,1997-10-10,0.068
NYSE,KSM,1997-09-11,0.068
NYSE,KSM,1997-08-13,0.068
NYSE,KSM,1997-07-11,0.068
NYSE,KSM,1997-06-11,0.068
NYSE,KSM,1997-05-13,0.068
NYSE,KSM,1997-04-11,0.068
NYSE,KSM,1997-03-12,0.068
NYSE,KSM,1997-02-12,0.068
NYSE,KSM,1997-01-13,0.068
NYSE,KSM,1996-12-11,0.068
NYSE,KSM,1996-11-13,0.068
NYSE,KSM,1996-10-10,0.068
NYSE,KSM,1996-09-11,0.068
NYSE,KSM,1996-08-13,0.068
NYSE,KSM,1996-07-11,0.068
NYSE,KSM,1996-06-12,0.068
NYSE,KSM,1996-05-13,0.068
NYSE,KSM,1996-04-11,0.068
NYSE,KSM,1996-03-13,0.068
NYSE,KSM,1996-02-13,0.068
NYSE,KSM,1996-01-11,0.068
NYSE,KSM,1995-12-11,0.068
NYSE,KSM,1995-11-09,0.068
NYSE,KSM,1995-10-06,0.068
NYSE,KSM,1995-09-11,0.068
NYSE,KSM,1995-08-09,0.068
NYSE,KSM,1995-07-10,0.068
NYSE,KSM,1995-06-13,0.068
NYSE,KSM,1995-05-09,0.068
NYSE,KSM,1995-04-07,0.068
NYSE,KSM,1995-03-09,0.068
NYSE,KSM,1995-02-09,0.068
NYSE,KSM,1995-01-09,0.068
NYSE,KSM,1994-12-09,0.068
NYSE,KSM,1994-11-08,0.068
NYSE,KSM,1994-10-07,0.068
NYSE,KSM,1994-09-09,0.068
NYSE,KSM,1994-08-09,0.068
NYSE,KSM,1994-07-11,0.068
NYSE,KSM,1994-06-09,0.068
NYSE,KSM,1994-05-09,0.068
NYSE,KSM,1994-04-11,0.068
NYSE,KSM,1994-03-09,0.068
NYSE,KSM,1994-02-09,0.068
NYSE,KSM,1994-01-10,0.068
NYSE,KSM,1993-12-09,0.093
NYSE,KSM,1993-11-08,0.068
NYSE,KSM,1993-10-08,0.075
NYSE,KSM,1993-09-09,0.075
NYSE,KSM,1993-08-09,0.075
NYSE,KSM,1993-07-09,0.075
NYSE,KSM,1993-06-09,0.075
NYSE,KSM,1993-05-10,0.075
NYSE,KSM,1993-04-08,0.075
NYSE,KSM,1993-03-09,0.075
NYSE,KSM,1993-02-05,0.075
NYSE,KSM,1993-01-11,0.075
NYSE,KSM,1992-12-09,0.075
NYSE,KSM,1992-11-06,0.075
NYSE,KSM,1992-10-08,0.075
NYSE,KSM,1992-09-09,0.075
NYSE,KSM,1992-08-10,0.075
NYSE,KSM,1992-07-09,0.075
NYSE,KSM,1992-06-09,0.075
NYSE,KSM,1992-05-11,0.075
NYSE,KSM,1992-04-09,0.075
NYSE,KSM,1992-03-09,0.075
NYSE,KSM,1992-02-10,0.075
NYSE,KSM,1992-01-09,0.075
NYSE,KSM,1991-12-09,0.102
NYSE,KSM,1991-11-08,0.075
NYSE,KSM,1991-10-08,0.075
NYSE,KSM,1991-09-09,0.075
NYSE,KSM,1991-08-09,0.075
NYSE,KSM,1991-07-09,0.075
NYSE,KSM,1991-06-10,0.075
NYSE,KSM,1991-05-09,0.075
NYSE,KSM,1991-04-09,0.075
NYSE,KSM,1991-03-11,0.075
NYSE,KSM,1991-02-11,0.075
NYSE,KSM,1991-01-09,0.075
NYSE,KSM,1990-12-10,0.095
NYSE,KSM,1990-11-08,0.075
NYSE,KSM,1990-10-09,0.075
NYSE,KSM,1990-09-10,0.075
NYSE,KSM,1990-08-09,0.075
NYSE,KSM,1990-07-09,0.075
NYSE,KSM,1990-06-11,0.075
NYSE,KSM,1990-05-09,0.075
NYSE,KSM,1990-04-06,0.075
NYSE,KSM,1990-03-09,0.075
NYSE,KSM,1990-02-09,0.075
NYSE,KSM,1990-01-08,0.075
NYSE,KSM,1989-12-11,0.125
NYSE,KSM,1989-11-09,0.075
NYSE,KSM,1989-10-06,0.075
NYSE,KSM,1989-09-11,0.075
NYSE,KSM,1989-08-09,0.075
NYSE,KSM,1989-07-10,0.075
NYSE,KTH,2009-10-27,1.0
NYSE,KTH,2009-04-27,1.0
NYSE,KTH,2008-10-28,1.0
NYSE,KTH,2008-04-25,1.0
NYSE,KTH,2007-10-25,1.0
NYSE,KTH,2007-04-25,1.0
NYSE,KTH,2006-10-25,1.0
NYSE,KTH,2006-04-26,1.0
NYSE,KTH,2005-10-26,1.0
NYSE,KTH,2005-04-27,1.0
NYSE,KTH,2004-10-27,1.0
NYSE,KTH,2004-04-27,1.0
NYSE,KTH,2003-10-27,1.0
NYSE,KTH,2003-04-25,1.0
NYSE,KTH,2002-10-25,1.0
NYSE,KTH,2002-04-25,0.5
NYSE,KTH,2001-10-25,1.0
NYSE,KTH,2001-04-25,0.5
NYSE,KTF,2010-01-14,0.07
NYSE,KTF,2009-12-15,0.07
NYSE,KTF,2009-11-12,0.07
NYSE,KTF,2009-10-14,0.068
NYSE,KTF,2009-09-16,0.068
NYSE,KTF,2009-08-13,0.068
NYSE,KTF,2009-07-15,0.065
NYSE,KTF,2009-06-11,0.065
NYSE,KTF,2009-05-14,0.065
NYSE,KTF,2009-04-15,0.062
NYSE,KTF,2009-03-12,0.062
NYSE,KTF,2009-02-12,0.062
NYSE,KTF,2009-01-15,0.056
NYSE,KTF,2008-12-11,0.071
NYSE,KTF,2008-11-13,0.051
NYSE,KTF,2008-10-14,0.051
NYSE,KTF,2008-09-16,0.051
NYSE,KTF,2008-08-14,0.051
NYSE,KTF,2008-07-15,0.048
NYSE,KTF,2008-06-12,0.048
NYSE,KTF,2008-05-15,0.048
NYSE,KTF,2008-04-15,0.048
NYSE,KTF,2008-03-13,0.048
NYSE,KTF,2008-02-14,0.048
NYSE,KTF,2008-01-16,0.048
NYSE,KTF,2007-12-13,0.048
NYSE,KTF,2007-11-14,0.048
NYSE,KTF,2007-10-11,0.048
NYSE,KTF,2007-09-13,0.048
NYSE,KTF,2007-08-15,0.048
NYSE,KTF,2007-07-12,0.048
NYSE,KTF,2007-06-14,0.048
NYSE,KTF,2007-05-15,0.048
NYSE,KTF,2007-04-12,0.048
NYSE,KTF,2007-03-15,0.048
NYSE,KTF,2007-02-14,0.048
NYSE,KTF,2007-01-16,0.048
NYSE,KTF,2006-12-14,0.048
NYSE,KTF,2006-11-16,0.04
NYSE,KTF,2006-10-12,0.045
NYSE,KTF,2006-09-19,0.045
NYSE,KTF,2006-08-15,0.045
NYSE,KTF,2006-07-13,0.045
NYSE,KTF,2006-06-14,0.048
NYSE,KTF,2006-05-16,0.048
NYSE,KTF,2006-04-17,0.052
NYSE,KTF,2006-03-14,0.052
NYSE,KTF,2006-02-14,0.068
NYSE,KTF,2006-01-17,0.068
NYSE,KTF,2005-12-15,0.068
NYSE,KTF,2005-11-15,0.068
NYSE,KTF,2005-10-13,0.068
NYSE,KTF,2005-09-15,0.068
NYSE,KTF,2005-08-11,0.068
NYSE,KTF,2005-07-14,0.068
NYSE,KTF,2005-06-15,0.068
NYSE,KTF,2005-05-12,0.068
NYSE,KTF,2005-04-14,0.068
NYSE,KTF,2005-03-15,0.068
NYSE,KTF,2005-02-15,0.068
NYSE,KTF,2005-01-13,0.068
NYSE,KTF,2004-12-15,0.068
NYSE,KTF,2004-11-12,0.068
NYSE,KTF,2004-10-14,0.068
NYSE,KTF,2004-09-15,0.068
NYSE,KTF,2004-08-12,0.068
NYSE,KTF,2004-07-14,0.068
NYSE,KTF,2004-06-15,0.068
NYSE,KTF,2004-05-13,0.068
NYSE,KTF,2004-04-14,0.068
NYSE,KTF,2004-03-11,0.068
NYSE,KTF,2004-02-12,0.068
NYSE,KTF,2004-01-14,0.068
NYSE,KTF,2003-12-12,0.068
NYSE,KTF,2003-11-13,0.068
NYSE,KTF,2003-10-16,0.068
NYSE,KTF,2003-09-11,0.068
NYSE,KTF,2003-08-13,0.065
NYSE,KTF,2003-07-15,0.065
NYSE,KTF,2003-06-12,0.065
NYSE,KTF,2003-05-14,0.065
NYSE,KTF,2003-04-15,0.065
NYSE,KTF,2003-03-13,0.065
NYSE,KTF,2003-02-12,0.065
NYSE,KTF,2003-01-15,0.065
NYSE,KTF,2002-12-12,0.065
NYSE,KTF,2002-11-13,0.065
NYSE,KTF,2002-10-15,0.06
NYSE,KTF,2002-09-12,0.06
NYSE,KTF,2002-08-14,0.06
NYSE,KTF,2002-07-11,0.06
NYSE,KTF,2002-06-13,0.06
NYSE,KTF,2002-05-14,0.06
NYSE,KTF,2002-04-11,0.06
NYSE,KTF,2002-03-13,0.06
NYSE,KTF,2002-02-13,0.06
NYSE,KTF,2002-01-15,0.06
NYSE,KTF,2001-12-13,0.06
NYSE,KTF,2001-11-13,0.06
NYSE,KTF,2001-10-11,0.06
NYSE,KTF,2001-08-13,0.06
NYSE,KTF,2001-07-12,0.06
NYSE,KTF,2001-06-13,0.06
NYSE,KTF,2001-05-11,0.06
NYSE,KTF,2001-04-11,0.06
NYSE,KTF,2001-03-13,0.06
NYSE,KTF,2001-02-13,0.06
NYSE,KTF,2001-01-11,0.06
NYSE,KTF,2000-12-13,0.06
NYSE,KTF,2000-11-13,0.06
NYSE,KTF,2000-10-12,0.06
NYSE,KTF,2000-09-13,0.06
NYSE,KTF,2000-08-11,0.069
NYSE,KTF,2000-07-13,0.069
NYSE,KTF,2000-06-13,0.069
NYSE,KTF,2000-05-11,0.068
NYSE,KTF,2000-04-13,0.069
NYSE,KTF,2000-03-13,0.068
NYSE,KTF,2000-02-11,0.069
NYSE,KTF,2000-01-13,0.069
NYSE,KTF,1999-12-13,0.069
NYSE,KTF,1999-11-10,0.069
NYSE,KTF,1999-10-13,0.069
NYSE,KTF,1999-09-13,0.069
NYSE,KTF,1999-08-11,0.068
NYSE,KTF,1999-07-13,0.069
NYSE,KTF,1999-06-11,0.068
NYSE,KTF,1999-05-12,0.068
NYSE,KTF,1999-04-13,0.068
NYSE,KTF,1999-03-11,0.068
NYSE,KTF,1999-02-10,0.068
NYSE,KTF,1999-01-13,0.068
NYSE,KTF,1998-12-11,0.075
NYSE,KTF,1998-11-10,0.075
NYSE,KTF,1998-10-13,0.075
NYSE,KTF,1998-09-11,0.075
NYSE,KTF,1998-08-12,0.075
NYSE,KTF,1998-07-13,0.075
NYSE,KTF,1998-06-11,0.075
NYSE,KTF,1998-05-13,0.075
NYSE,KTF,1998-04-13,0.075
NYSE,KTF,1998-03-11,0.075
NYSE,KTF,1998-02-11,0.075
NYSE,KTF,1998-01-13,0.075
NYSE,KTF,1997-12-11,0.075
NYSE,KTF,1997-11-12,0.075
NYSE,KTF,1997-10-10,0.075
NYSE,KTF,1997-09-11,0.075
NYSE,KTF,1997-08-13,0.075
NYSE,KTF,1997-07-11,0.075
NYSE,KTF,1997-06-11,0.075
NYSE,KTF,1997-05-13,0.075
NYSE,KTF,1997-04-11,0.075
NYSE,KTF,1997-03-12,0.075
NYSE,KTF,1997-02-12,0.075
NYSE,KTF,1997-01-13,0.075
NYSE,KTF,1996-12-11,0.075
NYSE,KTF,1996-11-13,0.075
NYSE,KTF,1996-10-10,0.072
NYSE,KTF,1996-09-11,0.072
NYSE,KTF,1996-08-13,0.072
NYSE,KTF,1996-07-11,0.072
NYSE,KTF,1996-06-12,0.072
NYSE,KTF,1996-05-13,0.072
NYSE,KTF,1996-04-11,0.072
NYSE,KTF,1996-03-13,0.072
NYSE,KTF,1996-02-13,0.072
NYSE,KTF,1996-01-11,0.072
NYSE,KTF,1995-12-11,0.072
NYSE,KTF,1995-11-09,0.072
NYSE,KTF,1995-10-06,0.072
NYSE,KTF,1995-09-11,0.072
NYSE,KTF,1995-08-09,0.072
NYSE,KTF,1995-07-10,0.072
NYSE,KTF,1995-06-13,0.072
NYSE,KTF,1995-05-09,0.072
NYSE,KTF,1995-04-07,0.072
NYSE,KTF,1995-03-09,0.072
NYSE,KTF,1995-02-09,0.072
NYSE,KTF,1995-01-09,0.072
NYSE,KTF,1994-12-09,0.072
NYSE,KTF,1994-11-08,0.072
NYSE,KTF,1994-10-07,0.072
NYSE,KTF,1994-09-09,0.072
NYSE,KTF,1994-08-09,0.072
NYSE,KTF,1994-07-11,0.072
NYSE,KTF,1994-06-09,0.072
NYSE,KTF,1994-05-09,0.072
NYSE,KTF,1994-04-11,0.072
NYSE,KTF,1994-03-09,0.072
NYSE,KTF,1994-02-09,0.072
NYSE,KTF,1994-01-10,0.072
NYSE,KTF,1993-12-09,0.072
NYSE,KTF,1993-11-08,0.072
NYSE,KTF,1993-10-08,0.072
NYSE,KTF,1993-09-09,0.072
NYSE,KTF,1993-08-09,0.072
NYSE,KTF,1993-07-09,0.072
NYSE,KTF,1993-06-09,0.072
NYSE,KTF,1993-05-10,0.072
NYSE,KTF,1993-04-08,0.072
NYSE,KTF,1993-03-09,0.072
NYSE,KTF,1993-02-05,0.072
NYSE,KTF,1993-01-11,0.072
NYSE,KTF,1992-12-09,0.072
NYSE,KTF,1992-11-06,0.072
NYSE,KTF,1992-10-08,0.072
NYSE,KTF,1992-09-09,0.072
NYSE,KTF,1992-08-10,0.072
NYSE,KTF,1992-07-09,0.072
NYSE,KTF,1992-06-09,0.072
NYSE,KTF,1992-05-11,0.072
NYSE,KTF,1992-04-09,0.072
NYSE,KTF,1992-03-09,0.072
NYSE,KTF,1992-02-10,0.072
NYSE,KTF,1992-01-09,0.072
NYSE,KTF,1991-12-09,0.072
NYSE,KTF,1991-11-08,0.072
NYSE,KTF,1991-10-08,0.072
NYSE,KTF,1991-09-09,0.072
NYSE,KTF,1991-08-09,0.072
NYSE,KTF,1991-07-09,0.072
NYSE,KTF,1991-06-10,0.072
NYSE,KTF,1991-05-09,0.072
NYSE,KTF,1991-04-09,0.072
NYSE,KTF,1991-03-11,0.072
NYSE,KTF,1991-02-11,0.072
NYSE,KTF,1991-01-09,0.072
NYSE,KTF,1990-12-10,0.072
NYSE,KTF,1990-11-08,0.072
NYSE,KTF,1990-10-09,0.072
NYSE,KTF,1990-09-10,0.072
NYSE,KTF,1990-08-09,0.072
NYSE,KTF,1990-07-09,0.072
NYSE,KTF,1990-06-11,0.072
NYSE,KTF,1990-05-09,0.072
NYSE,KTF,1990-04-06,0.072
NYSE,KTF,1990-03-09,0.072
NYSE,KTF,1990-02-09,0.072
NYSE,KTF,1990-01-08,0.072
NYSE,KTF,1989-12-11,0.072
NYSE,KTF,1989-11-09,0.072
NYSE,KTF,1989-10-06,0.072
NYSE,KTF,1989-09-11,0.072
NYSE,KTF,1989-08-09,0.072
NYSE,KTF,1989-07-10,0.072
NYSE,KNO,2010-01-27,0.838
NYSE,KNO,2009-07-28,0.838
NYSE,KNO,2009-01-28,0.838
NYSE,KNO,2008-07-28,0.838
NYSE,KNO,2008-01-28,0.838
NYSE,KNO,2007-07-26,0.838
NYSE,KNO,2007-01-26,0.838
NYSE,KNO,2006-07-26,0.838
NYSE,KNO,2006-01-26,0.838
NYSE,KNO,2005-07-27,0.838
NYSE,KNO,2005-01-26,0.838
NYSE,KNO,2004-07-28,0.838
NYSE,KNO,2004-01-28,0.838
NYSE,KNO,2003-07-28,0.838
NYSE,KNO,2003-01-28,0.838
NYSE,KNO,2002-07-26,0.344
NYSE,KFT,2009-12-28,0.29
NYSE,KFT,2009-09-28,0.29
NYSE,KFT,2009-06-26,0.29
NYSE,KFT,2009-03-23,0.29
NYSE,KFT,2008-12-23,0.29
NYSE,KFT,2008-09-22,0.29
NYSE,KFT,2008-06-25,0.27
NYSE,KFT,2008-03-12,0.27
NYSE,KFT,2007-12-21,0.27
NYSE,KFT,2007-09-06,0.27
NYSE,KFT,2007-06-26,0.25
NYSE,KFT,2007-03-13,0.25
NYSE,KFT,2006-12-22,0.25
NYSE,KFT,2006-09-07,0.25
NYSE,KFT,2006-06-26,0.23
NYSE,KFT,2006-03-13,0.23
NYSE,KFT,2005-12-22,0.23
NYSE,KFT,2005-09-02,0.23
NYSE,KFT,2005-06-24,0.205
NYSE,KFT,2005-03-11,0.205
NYSE,KFT,2004-12-20,0.205
NYSE,KFT,2004-09-10,0.205
NYSE,KFT,2004-06-23,0.18
NYSE,KFT,2004-03-11,0.18
NYSE,KFT,2003-12-18,0.18
NYSE,KFT,2003-09-11,0.18
NYSE,KFT,2003-06-25,0.15
NYSE,KFT,2003-03-12,0.15
NYSE,KFT,2002-12-19,0.15
NYSE,KFT,2002-09-12,0.15
NYSE,KFT,2002-06-26,0.13
NYSE,KFT,2002-03-13,0.13
NYSE,KFT,2001-12-20,0.13
NYSE,KRO,2008-12-08,0.25
NYSE,KRO,2008-09-08,0.25
NYSE,KRO,2008-06-06,0.25
NYSE,KRO,2008-03-07,0.25
NYSE,KRO,2007-12-05,0.25
NYSE,KRO,2007-09-05,0.25
NYSE,KRO,2007-06-13,0.25
NYSE,KRO,2007-03-07,0.25
NYSE,KRO,2006-12-06,0.25
NYSE,KRO,2006-09-06,0.25
NYSE,KRO,2006-06-07,0.25
NYSE,KRO,2006-03-08,0.25
NYSE,KRO,2005-12-07,0.25
NYSE,KRO,2005-09-07,0.25
NYSE,KRO,2005-06-08,0.25
NYSE,KRO,2005-03-08,0.25
NYSE,KRO,2004-12-08,0.25
NYSE,KRO,2004-09-09,0.25
NYSE,KRO,2004-06-09,0.25
NYSE,KRO,2004-03-09,0.25
NYSE,KED,2010-01-13,0.3
NYSE,KED,2009-10-14,0.3
NYSE,KED,2009-07-15,0.3
NYSE,KED,2009-04-15,0.35
NYSE,KED,2009-01-14,0.35
NYSE,KED,2008-10-15,0.42
NYSE,KED,2008-07-16,0.42
NYSE,KED,2008-04-16,0.415
NYSE,KED,2007-12-27,0.41
NYSE,KED,2007-10-17,0.405
NYSE,KED,2007-07-18,0.4
NYSE,KED,2007-04-16,0.32
NYSE,KED,2006-12-27,0.22
NYSE,KYN,2010-01-04,0.48
NYSE,KYN,2009-10-01,0.48
NYSE,KYN,2009-07-01,0.48
NYSE,KYN,2009-04-01,0.48
NYSE,KYN,2009-01-02,0.5
NYSE,KYN,2008-12-31,0.5
NYSE,KYN,2008-10-01,0.5
NYSE,KYN,2008-07-02,0.5
NYSE,KYN,2008-04-01,0.498
NYSE,KYN,2008-01-02,0.495
NYSE,KYN,2007-10-01,0.49
NYSE,KYN,2007-07-02,0.49
NYSE,KYN,2007-04-02,0.48
NYSE,KYN,2007-01-03,0.47
NYSE,KYN,2006-10-02,0.45
NYSE,KYN,2006-07-03,0.44
NYSE,KYN,2006-04-03,0.43
NYSE,KYN,2006-01-03,0.425
NYSE,KYN,2005-10-03,0.42
NYSE,KYN,2005-07-01,0.415
NYSE,KYN,2005-04-01,0.41
NYSE,KYN,2005-01-03,0.25
NYSE,KST,2010-01-14,0.085
NYSE,KST,2009-12-15,0.085
NYSE,KST,2009-11-12,0.08
NYSE,KST,2009-10-14,0.075
NYSE,KST,2009-09-16,0.075
NYSE,KST,2009-08-13,0.075
NYSE,KST,2009-07-15,0.07
NYSE,KST,2009-06-11,0.07
NYSE,KST,2009-05-14,0.07
NYSE,KST,2009-04-15,0.07
NYSE,KST,2009-03-12,0.07
NYSE,KST,2009-02-12,0.07
NYSE,KST,2009-01-15,0.07
NYSE,KST,2008-12-11,0.07
NYSE,KST,2008-11-13,0.07
NYSE,KST,2008-10-14,0.07
NYSE,KST,2008-09-16,0.07
NYSE,KST,2008-08-14,0.07
NYSE,KST,2008-07-15,0.07
NYSE,KST,2008-06-12,0.07
NYSE,KST,2008-05-15,0.07
NYSE,KST,2008-04-15,0.08
NYSE,KST,2008-03-13,0.08
NYSE,KST,2008-02-14,0.08
NYSE,KST,2008-01-16,0.09
NYSE,KST,2007-12-13,0.09
NYSE,KST,2007-11-14,0.09
NYSE,KST,2007-10-11,0.09
NYSE,KST,2007-09-13,0.09
NYSE,KST,2007-08-15,0.09
NYSE,KST,2007-07-12,0.09
NYSE,KST,2007-06-14,0.09
NYSE,KST,2007-05-15,0.09
NYSE,KST,2007-04-12,0.09
NYSE,KST,2007-03-15,0.09
NYSE,KST,2007-02-14,0.09
NYSE,KST,2007-01-16,0.09
NYSE,KST,2006-12-14,0.09
NYSE,KST,2006-11-16,0.09
NYSE,KST,2006-10-12,0.09
NYSE,KST,2006-09-19,0.09
NYSE,KST,2006-08-15,0.09
NYSE,KST,2006-07-13,0.09
NYSE,KST,2006-06-14,0.09
NYSE,KST,2006-05-16,0.09
NYSE,KST,2006-04-17,0.09
NYSE,KST,2006-03-14,0.09
NYSE,KST,2006-02-14,0.09
NYSE,KST,2006-01-17,0.09
NYSE,KST,2005-12-15,0.09
NYSE,KST,2005-11-15,0.09
NYSE,KST,2005-10-13,0.09
NYSE,KST,2005-09-15,0.09
NYSE,KST,2005-08-11,0.09
NYSE,KST,2005-07-14,0.09
NYSE,KST,2005-06-15,0.09
NYSE,KST,2005-05-12,0.09
NYSE,KST,2005-04-14,0.09
NYSE,KST,2005-03-15,0.09
NYSE,KST,2005-02-15,0.09
NYSE,KST,2005-01-13,0.09
NYSE,KST,2004-12-15,0.09
NYSE,KST,2004-11-12,0.09
NYSE,KST,2004-10-14,0.09
NYSE,KST,2004-09-15,0.09
NYSE,KST,2004-08-12,0.09
NYSE,KST,2004-07-14,0.09
NYSE,KST,2004-06-15,0.09
NYSE,KST,2004-05-13,0.09
NYSE,KST,2004-04-14,0.09
NYSE,KST,2004-03-11,0.09
NYSE,KST,2004-02-12,0.09
NYSE,KST,2004-01-14,0.09
NYSE,KST,2003-12-12,0.09
NYSE,KST,2003-11-13,0.09
NYSE,KST,2003-10-16,0.09
NYSE,KST,2003-09-11,0.09
NYSE,KST,2003-08-13,0.09
NYSE,KST,2003-07-15,0.09
NYSE,KST,2003-06-12,0.09
NYSE,KST,2003-05-14,0.09
NYSE,KST,2003-04-15,0.09
NYSE,KST,2003-03-13,0.09
NYSE,KST,2003-02-12,0.09
NYSE,KST,2003-01-15,0.09
NYSE,KST,2002-12-12,0.09
NYSE,KST,2002-11-13,0.09
NYSE,KST,2002-10-15,0.09
NYSE,KST,2002-09-12,0.09
NYSE,KST,2002-08-14,0.09
NYSE,KST,2002-07-11,0.09
NYSE,KST,2002-06-13,0.09
NYSE,KST,2002-05-14,0.1
NYSE,KST,2002-04-11,0.1
NYSE,KST,2002-03-13,0.1
NYSE,KST,2002-02-13,0.1
NYSE,KST,2002-01-15,0.1
NYSE,KST,2001-12-13,0.1
NYSE,KST,2001-11-13,0.1
NYSE,KST,2001-10-11,0.1
NYSE,KST,2001-08-13,0.1
NYSE,KST,2001-07-12,0.13
NYSE,KST,2001-06-13,0.13
NYSE,KST,2001-05-11,0.13
NYSE,KST,2001-04-11,0.13
NYSE,KST,2001-03-13,0.13
NYSE,KST,2001-02-13,0.13
NYSE,KST,2001-01-11,0.13
NYSE,KST,2000-12-13,0.13
NYSE,KST,2000-11-13,0.13
NYSE,KST,2000-10-12,0.13
NYSE,KST,2000-09-13,0.13
NYSE,KST,2000-08-11,0.13
NYSE,KST,2000-07-13,0.13
NYSE,KST,2000-06-13,0.15
NYSE,KST,2000-05-11,0.15
NYSE,KST,2000-04-13,0.15
NYSE,KST,2000-03-13,0.15
NYSE,KST,2000-02-11,0.15
NYSE,KST,1999-12-31,0.15
NYSE,KST,1999-12-13,0.15
NYSE,KST,1999-11-10,0.15
NYSE,KST,1999-10-13,0.15
NYSE,KST,1999-09-13,0.15
NYSE,KST,1999-08-11,0.15
NYSE,KST,1999-07-13,0.15
NYSE,KST,1999-06-11,0.15
NYSE,KST,1999-05-12,0.15
NYSE,KST,1999-04-13,0.15
NYSE,KST,1999-03-11,0.15
NYSE,KST,1999-02-10,0.15
NYSE,KST,1998-12-21,0.15
NYSE,KST,1998-12-11,0.15
NYSE,KST,1998-11-10,0.15
NYSE,KST,1998-10-13,0.15
NYSE,KST,1998-09-11,0.15
NYSE,KST,1998-08-12,0.15
NYSE,KST,1998-07-13,0.15
NYSE,KST,1998-06-11,0.15
NYSE,KST,1998-05-13,0.15
NYSE,KST,1998-04-13,0.15
NYSE,KST,1998-03-11,0.15
NYSE,KST,1998-02-11,0.15
NYSE,KST,1997-12-22,0.15
NYSE,KST,1997-12-11,0.15
NYSE,KST,1997-11-12,0.15
NYSE,KST,1997-10-10,0.15
NYSE,KST,1997-09-11,0.15
NYSE,KST,1997-08-13,0.15
NYSE,KST,1997-07-11,0.15
NYSE,KST,1997-06-11,0.147
NYSE,KST,1997-05-13,0.147
NYSE,KST,1997-04-11,0.147
NYSE,KST,1997-03-12,0.147
NYSE,KST,1997-02-12,0.147
NYSE,KST,1996-12-20,0.167
NYSE,KST,1996-12-11,0.147
NYSE,KST,1996-11-13,0.147
NYSE,KST,1996-10-10,0.147
NYSE,KST,1996-09-11,0.147
NYSE,KST,1996-08-13,0.147
NYSE,KST,1996-07-11,0.147
NYSE,KST,1996-06-12,0.147
NYSE,KST,1996-05-13,0.145
NYSE,KST,1996-04-11,0.145
NYSE,KST,1996-03-13,0.145
NYSE,KST,1996-02-13,0.145
NYSE,KST,1995-12-21,0.175
NYSE,KST,1995-12-11,0.145
NYSE,KST,1995-11-09,0.145
NYSE,KST,1995-10-06,0.435
NYSE,KST,1995-09-11,0.145
NYSE,KEF,2008-12-18,0.01
NYSE,KEF,2008-07-08,0.02
NYSE,KEF,1995-12-21,0.02
NYSE,KYO,2006-09-27,0.425
NYSE,KYO,2006-03-29,0.426
NYSE,KYO,2005-09-28,0.45
NYSE,KYO,2005-03-29,0.47
NYSE,KYO,2004-09-28,0.273
NYSE,KYO,2004-03-29,0.271
NYSE,KYO,2003-09-25,0.256
NYSE,KYO,2003-03-27,0.256
NYSE,KYO,2002-09-25,0.245
NYSE,KYO,2002-03-26,0.228
NYSE,KYO,2001-09-26,0.255
NYSE,KYO,2001-03-28,0.244
NYSE,KYO,2000-09-26,0.28
NYSE,KYO,2000-03-28,0.283
NYSE,KYO,1999-09-28,0.274
NYSE,KYO,1999-03-29,0.25
NYSE,KYO,1998-09-28,0.3
NYSE,KYO,1998-03-27,0.2335
NYSE,KYO,1997-09-25,0.247
NYSE,KYO,1997-03-26,0.2435
NYSE,KYO,1996-09-26,0.274
NYSE,KYO,1996-03-27,0.236
NYSE,KYO,1995-09-27,0.259
NYSE,KYO,1995-03-27,0.2775
NYSE,KYO,1994-09-23,0.1075
NYSE,KYO,1994-03-24,0.0975
NYSE,KYO,1993-09-23,0.239
NYSE,KYO,1993-03-24,0.0885
NYSE,KYO,1992-09-23,0.201
NYSE,KYO,1992-03-24,0.1895
NYSE,KYO,1991-09-23,0.159
NYSE,KYO,1991-03-22,0.1355
NYSE,KYO,1990-09-21,0.134
NYSE,KYO,1990-03-23,0.1435
NYSE,KYO,1989-09-22,0.1275
NYSE,KYO,1989-03-23,0.145
NYSE,KYO,1988-09-23,0.0685
NYSE,KYO,1988-03-24,0.2915
